"","X.1","X","Date","Obs","Stand","Site","Transect","Subplot","SubplotComments","PlantGenusSpecies","NumFlowers","NumPlant","Comments","DateRecorded"
"1",1,16651,"6/21/23","RM","604:Holiday",6,"Unenhanced",0,NA,"Descurainia sp.",30,8,"","6/21/23"
"2",2,16652,"6/21/23","RM","604:Holiday",6,"Unenhanced",8,NA,"Hypochaeris radicata",5,1,"","6/21/23"
"3",3,16653,"6/21/23","RM","604:Holiday",6,"Unenhanced",8,NA,"Descurainia pinnata",1,6,"","6/21/23"
"4",4,16698,"6/22/23","AS","607:Holiday",6,"Unenhanced",0,NA,"Collomia heterophylla",23,1,"","6/22/23"
"5",5,16699,"6/22/23","AS","607:Holiday",6,"Unenhanced",12,NA,"Senecio sylvaticus",5,3,"","6/22/23"
"6",6,17256,"7/14/23","RM","604:Holiday",6,"Unenhanced",0,NA,"Senecio sylvaticus",7,4,"","7/14/23"
"7",7,17257,"7/14/23","RM","604:Holiday",6,"Unenhanced",12,NA,"Senecio sylvaticus",25,2,"","7/14/23"
"8",8,17258,"7/14/23","RM","604:Holiday",6,"Unenhanced",8,NA,"Senecio sylvaticus",30,3,"","7/14/23"
"9",9,17259,"7/14/23","RM","604:Holiday",6,"Unenhanced",4,NA,"Senecio sylvaticus",27.1,7,"","7/14/23"
"10",10,17998,"7/24/23","RM","607:Holiday",6,"Unenhanced",0,NA,"Senecio sylvaticus",23,4,"","7/24/23"
"11",11,17999,"7/24/23","RM","607:Holiday",6,"Unenhanced",8,NA,"Senecio sylvaticus",25,3,"","7/24/23"
"12",12,18000,"7/24/23","RM","607:Holiday",6,"Unenhanced",12,NA,"Senecio sylvaticus",17,3,"","7/24/23"
"13",13,18001,"7/24/23","RM","611:Holiday",6,"Unenhanced",8,NA,"Senecio sylvaticus",1,1,"","7/24/23"
"14",14,18002,"7/24/23","RM","611:Holiday",6,"Unenhanced",12,NA,"Epilobium brachycarpum",4,1,"","7/24/23"
"15",15,18223,"8/1/23","RM","605:Holiday",6,"Unenhanced",0,NA,"Epilobium brachycarpum",12,5,"","8/1/23"
"16",16,18224,"8/1/23","RM","605:Holiday",6,"Unenhanced",4,NA,"Epilobium brachycarpum",14,3,"","8/1/23"
"17",17,18225,"8/1/23","RM","605:Holiday",6,"Unenhanced",4,NA,"Senecio sylvaticus",39,2,"","8/1/23"
"18",18,18226,"8/1/23","RM","605:Holiday",6,"Unenhanced",12,NA,"Senecio sylvaticus",45,1,"","8/1/23"
"19",19,18227,"8/1/23","RM","605:Holiday",6,"Unenhanced",8,NA,"Epilobium brachycarpum",21,5,"","8/1/23"
"20",20,18228,"8/1/23","RM","605:Holiday",6,"Unenhanced",12,NA,"Epilobium brachycarpum",5,3,"","8/1/23"
"21",21,18278,"8/2/23","MG","607:Holiday",6,"Unenhanced",0,NA,"Senecio sylvaticus",40,2,"","8/2/23"
"22",22,18279,"8/2/23","MG","607:Holiday",6,"Unenhanced",8,NA,"Senecio sylvaticus",15,1,"","8/2/23"
"23",23,18280,"8/2/23","MG","607:Holiday",6,"Unenhanced",12,NA,"Senecio sylvaticus",12,1,"","8/2/23"
"24",24,18312,"8/3/23","MG","611:Holiday",6,"Unenhanced",8,NA,"Senecio sylvaticus",64,3,"","8/3/23"
"25",25,22634,"5/23/24","RM","604:Holiday",6,"Mix2",0,NA,"Collinsia grandiflora",5,41,"","5/23/24"
"26",26,22636,"5/23/24","RM","604:Holiday",6,"Mix2",4,NA,"Collinsia grandiflora",4,23,"","5/23/24"
"27",27,22638,"5/23/24","RM","604:Holiday",6,"Mix2",8,NA,"Collinsia grandiflora",5,39,"","5/23/24"
"28",28,22640,"5/23/24","RM","604:Holiday",6,"Mix2",12,NA,"Collinsia grandiflora",5,6,"","5/23/24"
"29",29,22643,"5/23/24","RM","604:Holiday",6,"Mix2",0,NA,"Phlox gracilis",2,3,"","5/23/24"
"30",30,22644,"5/23/24","RM","604:Holiday",6,"Mix2",4,NA,"Phlox gracilis",1,4,"","5/23/24"
"31",31,22647,"5/23/24","RM","604:Holiday",6,"Mix2",8,NA,"Madia gracilis",1,1,"","5/23/24"
"32",32,22649,"5/23/24","RM","604:Holiday",6,"Mix2",12,NA,"Phlox gracilis",2,1,"","5/23/24"
"33",33,22654,"5/23/24","RM","604:Holiday",6,"Mix6",0,NA,"Phlox gracilis",3,7,"","5/23/24"
"34",34,22655,"5/23/24","RM","604:Holiday",6,"Mix6",4,NA,"Phlox gracilis",2,17,"","5/23/24"
"35",35,22656,"5/23/24","RM","604:Holiday",6,"Mix6",8,NA,"Phlox gracilis",2,7,"","5/23/24"
"36",36,22658,"5/23/24","RM","604:Holiday",6,"Mix6",12,NA,"Phlox gracilis",2,17,"","5/23/24"
"37",37,22662,"5/23/24","RM","604:Holiday",6,"Mix3",0,NA,"Collinsia grandiflora",3,24,"","5/23/24"
"38",38,22666,"5/23/24","RM","604:Holiday",6,"Mix3",4,NA,"Collinsia grandiflora",3,63,"","5/23/24"
"39",39,22667,"5/23/24","RM","604:Holiday",6,"Mix3",0,NA,"Collinsia grandiflora",4,25,"","5/23/24"
"40",40,22669,"5/23/24","RM","604:Holiday",6,"Mix3",12,NA,"Collinsia grandiflora",4,39,"","5/23/24"
"41",41,22678,"5/23/24","RM","604:Holiday",6,"Mix5",0,NA,"Collinsia grandiflora",20,16,"","5/23/24"
"42",42,22679,"5/23/24","RM","604:Holiday",6,"Mix5",4,NA,"Collinsia grandiflora",9,8,"","5/23/24"
"43",43,22681,"5/23/24","RM","604:Holiday",6,"Mix5",8,NA,"Collinsia grandiflora",5,15,"","5/23/24"
"44",44,22682,"5/23/24","RM","604:Holiday",6,"Mix5",12,NA,"Collinsia grandiflora",7,9,"","5/23/24"
"45",45,22684,"5/23/24","RM","604:Holiday",6,"Mix4",0,NA,"Phlox gracilis",1,5,"","5/23/24"
"46",46,22686,"5/23/24","RM","604:Holiday",6,"Mix4",4,NA,"Phlox gracilis",0.5,18,"","5/23/24"
"47",47,22687,"5/23/24","RM","604:Holiday",6,"Mix4",4,NA,"Madia gracilis",2,1,"","5/23/24"
"48",48,22688,"5/23/24","RM","604:Holiday",6,"Mix4",8,NA,"Phlox gracilis",0.5,22,"","5/23/24"
"49",49,22690,"5/23/24","RM","604:Holiday",6,"Mix4",12,NA,"Phlox gracilis",0.2,50,"","5/23/24"
"50",50,22835,"5/24/24","RM","705:Holiday",6,"Mix6",0,NA,"Phlox gracilis",1,6,"705","5/24/24"
"51",51,22836,"5/24/24","RM","705:Holiday",6,"Mix6",8,NA,"Phlox gracilis",1,13,"705","5/24/24"
"52",52,22837,"5/24/24","RM","705:Holiday",6,"Mix6",4,NA,"Phlox gracilis",1.5,14,"705","5/24/24"
"53",53,22838,"5/24/24","RM","705:Holiday",6,"Mix6",12,NA,"Phlox gracilis",1,15,"705","5/24/24"
"54",54,22839,"5/24/24","RM","705:Holiday",6,"Mix1",12,NA,"Collinsia grandiflora",3,1,"705","5/24/24"
"55",55,22840,"5/24/24","RM","705:Holiday",6,"Mix4",0,NA,"Phlox gracilis",1.5,24,"705","5/24/24"
"56",56,22841,"5/24/24","RM","705:Holiday",6,"Mix4",4,NA,"Phlox gracilis",0.5,14,"705","5/24/24"
"57",57,22842,"5/24/24","RM","705:Holiday",6,"Mix4",8,NA,"Phlox gracilis",1,20,"705","5/24/24"
"58",58,22843,"5/24/24","RM","705:Holiday",6,"Mix4",12,NA,"Phlox gracilis",1.5,12,"705","5/24/24"
"59",59,22844,"5/24/24","RM","705:Holiday",6,"Mix2",0,NA,"Phlox gracilis",5,4,"705","5/24/24"
"60",60,22845,"5/24/24","RM","705:Holiday",6,"Mix2",0,NA,"Collinsia grandiflora",5,19,"705","5/24/24"
"61",61,22846,"5/24/24","RM","705:Holiday",6,"Mix2",4,NA,"Collinsia grandiflora",4,18,"705","5/24/24"
"62",62,22847,"5/24/24","RM","705:Holiday",6,"Mix2",4,NA,"Phlox gracilis",8,2,"705","5/24/24"
"63",63,22848,"5/24/24","RM","705:Holiday",6,"Mix2",8,NA,"Collinsia grandiflora",4,18,"705","5/24/24"
"64",64,22849,"5/24/24","RM","705:Holiday",6,"Mix2",8,NA,"Phlox gracilis",4,3,"705","5/24/24"
"65",65,22850,"5/24/24","RM","705:Holiday",6,"Mix2",12,NA,"Collinsia grandiflora",4,20,"705","5/24/24"
"66",66,22851,"5/24/24","RM","705:Holiday",6,"Mix2",12,NA,"Phlox gracilis",5,2,"705","5/24/24"
"67",67,22852,"5/24/24","RM","705:Holiday",6,"Mix3",0,NA,"Collinsia grandiflora",4,5,"705","5/24/24"
"68",68,22853,"5/24/24","RM","705:Holiday",6,"Mix3",4,NA,"Collinsia grandiflora",4,19,"705","5/24/24"
"69",69,22854,"5/24/24","RM","705:Holiday",6,"Mix3",0,NA,"Collinsia grandiflora",3,22,"705","5/24/24"
"70",70,22855,"5/24/24","RM","705:Holiday",6,"Mix3",8,NA,"Collinsia grandiflora",2,10,"705","5/24/24"
"71",71,22856,"5/24/24","RM","705:Holiday",6,"Mix5",0,NA,"Collinsia grandiflora",3,21,"705","5/24/24"
"72",72,22857,"5/24/24","RM","705:Holiday",6,"Mix5",4,NA,"Collinsia grandiflora",5,9,"705","5/24/24"
"73",73,22858,"5/24/24","RM","705:Holiday",6,"Mix5",8,NA,"Collinsia grandiflora",4,15,"705","5/24/24"
"74",74,22859,"5/24/24","RM","705:Holiday",6,"Mix5",8,NA,"Collinsia grandiflora",4,20,"705","5/24/24"
"75",75,23193,"5/30/24","RM","607:Holiday",6,"Mix1",0,NA,"Collinsia grandiflora",5,1,"","5/30/24"
"76",76,23194,"5/30/24","RM","607:Holiday",6,"Mix1",0,NA,"Phlox gracilis",10,1,"","5/30/24"
"77",77,23196,"5/30/24","RM","607:Holiday",6,"Mix1",4,NA,"Phlox gracilis",1,1,"","5/30/24"
"78",78,23198,"5/30/24","RM","607:Holiday",6,"Mix1",8,NA,"Phlox gracilis",2,1,"","5/30/24"
"79",79,23199,"5/30/24","RM","607:Holiday",6,"Mix1",8,NA,"Vicia sativa",5,2,"","5/30/24"
"80",80,23200,"5/30/24","RM","607:Holiday",6,"Mix1",8,NA,"Vicia hirusta",12,3,"hirusta","5/30/24"
"81",81,23203,"5/30/24","RM","607:Holiday",6,"Mix1",12,NA,"Phlox gracilis",4,1,"","5/30/24"
"82",82,23204,"5/30/24","RM","607:Holiday",6,"Mix1",12,NA,"Collinsia grandiflora",4,2,"","5/30/24"
"83",83,23206,"5/30/24","RM","607:Holiday",6,"Mix2",0,NA,"Phlox gracilis",5,2,"","5/30/24"
"84",84,23207,"5/30/24","RM","607:Holiday",6,"Mix2",0,NA,"Collinsia grandiflora",10,16,"","5/30/24"
"85",85,23210,"5/30/24","RM","607:Holiday",6,"Mix2",4,NA,"Collinsia grandiflora",4,31,"","5/30/24"
"86",86,23211,"5/30/24","RM","607:Holiday",6,"Mix2",4,NA,"Phlox gracilis",4,4,"","5/30/24"
"87",87,23212,"5/30/24","RM","607:Holiday",6,"Mix2",4,NA,"Madia gracilis",0.1,10,"","5/30/24"
"88",88,23213,"5/30/24","RM","607:Holiday",6,"Mix2",8,NA,"Collinsia grandiflora",15,9,"","5/30/24"
"89",89,23214,"5/30/24","RM","607:Holiday",6,"Mix2",0,NA,"Phlox gracilis",8,2,"","5/30/24"
"90",90,23216,"5/30/24","RM","607:Holiday",6,"Mix2",12,NA,"Phlox gracilis",7,40,"","5/30/24"
"91",91,23218,"5/30/24","RM","607:Holiday",6,"Mix2",12,NA,"Madia gracilis",0.1,10,"","5/30/24"
"92",92,23221,"5/30/24","RM","607:Holiday",6,"Mix3",0,NA,"Collinsia grandiflora",15,14,"","5/30/24"
"93",93,23222,"5/30/24","RM","607:Holiday",6,"Mix3",4,NA,"Collinsia grandiflora",8,12,"","5/30/24"
"94",94,23223,"5/30/24","RM","607:Holiday",6,"Mix3",4,NA,"Phlox gracilis",13,2,"","5/30/24"
"95",95,23225,"5/30/24","RM","607:Holiday",6,"Mix3",4,NA,"Vicia sativa",30,1,"","5/30/24"
"96",96,23227,"5/30/24","RM","607:Holiday",6,"Mix3",8,NA,"Collinsia grandiflora",7,6,"","5/30/24"
"97",97,23228,"5/30/24","RM","607:Holiday",6,"Mix3",8,NA,"Phlox gracilis",10,1,"","5/30/24"
"98",98,23231,"5/30/24","RM","607:Holiday",6,"Mix3",12,NA,"Collinsia grandiflora",10,6,"","5/30/24"
"99",99,23232,"5/30/24","RM","607:Holiday",6,"Mix3",12,NA,"Phlox gracilis",5,4,"","5/30/24"
"100",100,23233,"5/30/24","RM","607:Holiday",6,"Mix4",0,NA,"Sonchus asper",2,1,"","5/30/24"
"101",101,23234,"5/30/24","RM","607:Holiday",6,"Mix4",0,NA,"Phlox gracilis",6,14,"","5/30/24"
"102",102,23235,"5/30/24","RM","607:Holiday",6,"Mix4",4,NA,"Phlox gracilis",2,11,"","5/30/24"
"103",103,23236,"5/30/24","RM","607:Holiday",6,"Mix4",4,NA,"Sonchus asper",1,1,"","5/30/24"
"104",104,23237,"5/30/24","RM","607:Holiday",6,"Mix4",12,NA,"Phlox gracilis",2,1,"","5/30/24"
"105",105,23238,"5/30/24","RM","607:Holiday",6,"Mix4",8,NA,"Phlox gracilis",6,9,"","5/30/24"
"106",106,23239,"5/30/24","RM","607:Holiday",6,"Mix4",8,NA,"Madia gracilis",1,1,"","5/30/24"
"107",107,23240,"5/30/24","RM","607:Holiday",6,"Mix5",0,NA,"Phlox gracilis",9,20,"","5/30/24"
"108",108,23241,"5/30/24","RM","607:Holiday",6,"Mix5",0,NA,"Collinsia grandiflora",5,17,"","5/30/24"
"109",109,23242,"5/30/24","RM","607:Holiday",6,"Mix5",4,NA,"Phlox gracilis",2,4,"","5/30/24"
"110",110,23244,"5/30/24","RM","607:Holiday",6,"Mix5",4,NA,"Collinsia grandiflora",10,16,"","5/30/24"
"111",111,23245,"5/30/24","RM","607:Holiday",6,"Mix5",4,NA,"Leucanthemum vulgare",3,3,"","5/30/24"
"112",112,23247,"5/30/24","RM","607:Holiday",6,"Mix5",8,NA,"Phlox gracilis",3,11,"","5/30/24"
"113",113,23248,"5/30/24","RM","607:Holiday",6,"Mix5",8,NA,"Collinsia grandiflora",5,13,"","5/30/24"
"114",114,23250,"5/30/24","RM","607:Holiday",6,"Mix5",12,NA,"Collinsia grandiflora",9,14,"","5/30/24"
"115",115,23251,"5/30/24","RM","607:Holiday",6,"Mix5",12,NA,"Hypochaeris radicata",1,1,"","5/30/24"
"116",116,23253,"5/30/24","RM","607:Holiday",6,"Mix5",12,NA,"Madia gracilis",1,1,"","5/30/24"
"117",117,23254,"5/30/24","RM","607:Holiday",6,"Mix6",0,NA,"Phlox gracilis",5,7,"","5/30/24"
"118",118,23255,"5/30/24","RM","607:Holiday",6,"Mix6",0,NA,"Madia gracilis",1,1,"","5/30/24"
"119",119,23257,"5/30/24","RM","607:Holiday",6,"Mix6",4,NA,"Phlox gracilis",5,14,"","5/30/24"
"120",120,23258,"5/30/24","RM","607:Holiday",6,"Mix6",0,NA,"Phlox gracilis",7,9,"","5/30/24"
"121",121,23259,"5/30/24","RM","607:Holiday",6,"Mix6",8,NA,"Madia gracilis",0.2,10,"","5/30/24"
"122",122,23260,"5/30/24","RM","607:Holiday",6,"Mix6",12,NA,"Phlox gracilis",5,18,"","5/30/24"
"123",123,23261,"5/30/24","RM","607:Holiday",6,"Mix6",12,NA,"Hypochaeris radicata",1,1,"","5/30/24"
"124",124,23263,"5/30/24","RM","607:Holiday",6,"Mix6",12,NA,"Sonchus asper",1,1,"","5/30/24"
"125",125,23264,"5/30/24","RM","607:Holiday",6,"Mix6",12,NA,"Madia gracilis",0.1,10,"","5/30/24"
"126",126,23518,"6/1/24","JA","700:Holiday",6,"Mix3",8,NA,"Collinsia grandiflora",4,5,"700, jasmin","6/1/24"
"127",127,23520,"6/1/24","JA","700:Holiday",6,"Mix3",0,NA,"Collinsia grandiflora",2,5,"700, jasmin","6/1/24"
"128",128,23522,"6/1/24","JA","700:Holiday",6,"Mix3",4,NA,"Collinsia grandiflora",4,10,"700, jasmin","6/1/24"
"129",129,23523,"6/1/24","JA","700:Holiday",6,"Mix3",12,NA,"Collinsia grandiflora",2,5,"700, jasmin","6/1/24"
"130",130,23525,"6/1/24","JA","700:Holiday",6,"Mix6",4,NA,"Phlox gracilis",15,15,"700, jasmin","6/1/24"
"131",131,23527,"6/1/24","JA","700:Holiday",6,"Mix6",12,NA,"Phlox gracilis",10,17,"700, jasmin","6/1/24"
"132",132,23529,"6/1/24","JA","700:Holiday",6,"Mix6",8,NA,"Phlox gracilis",20,14,"700, jasmin","6/1/24"
"133",133,23532,"6/1/24","JA","700:Holiday",6,"Mix6",0,NA,"Phlox gracilis",30,17,"700, jasmin","6/1/24"
"134",134,23537,"6/1/24","JA","700:Holiday",6,"Mix6",0,NA,"Madia gracilis",0.07,29,"700, jasmin","6/1/24"
"135",135,23541,"6/1/24","JA","700:Holiday",6,"Mix6",0,NA,"Gilia capitata",0.03,34,"700, jasmin","6/1/24"
"136",136,23546,"6/1/24","JA","700:Holiday",6,"Mix4",12,NA,"Phlox gracilis",12,10,"700, jasmin","6/1/24"
"137",137,23548,"6/1/24","JA","700:Holiday",6,"Mix4",4,NA,"Phlox gracilis",5,19,"700, jasmin","6/1/24"
"138",138,23549,"6/1/24","JA","700:Holiday",6,"Mix4",0,NA,"Phlox gracilis",10,16,"700, jasmin","6/1/24"
"139",139,23550,"6/1/24","JA","700:Holiday",6,"Mix4",8,NA,"Phlox gracilis",5,8,"700, jasmin","6/1/24"
"140",140,23552,"6/1/24","JA","700:Holiday",6,"Mix2",8,NA,"Phlox gracilis",25,14,"700, jasmin","6/1/24"
"141",141,23556,"6/1/24","JA","700:Holiday",6,"Mix2",8,NA,"Collomia grandiflora",20,7,"700, jasmin","6/1/24"
"142",142,23558,"6/1/24","JA","700:Holiday",6,"Mix2",8,NA,"Madia gracilis",0.04,27,"700, jasmin","6/1/24"
"143",143,23560,"6/1/24","JA","700:Holiday",6,"Mix2",12,NA,"Phlox gracilis",20,13,"700, jasmin","6/1/24"
"144",144,23562,"6/1/24","JA","700:Holiday",6,"Mix2",12,NA,"Collinsia grandiflora",3,4,"700, jasmin","6/1/24"
"145",145,23563,"6/1/24","JA","700:Holiday",6,"Mix2",0,NA,"Phlox gracilis",12,27,"700, jasmin","6/1/24"
"146",146,23566,"6/1/24","JA","700:Holiday",6,"Mix2",0,NA,"Collinsia grandiflora",15,22,"700, jasmin","6/1/24"
"147",147,23569,"6/1/24","JA","700:Holiday",6,"Mix2",4,NA,"Collinsia grandiflora",10,8,"700, jasmin","6/1/24"
"148",148,23580,"6/1/24","JA","700:Holiday",6,"Mix5",0,NA,"Collinsia grandiflora",4,12,"700, jasmin","6/1/24"
"149",149,23584,"6/1/24","JA","700:Holiday",6,"Mix5",8,NA,"Collinsia grandiflora",6,12,"700, jasmin","6/1/24"
"150",150,23588,"6/1/24","JA","700:Holiday",6,"Mix5",12,NA,"Collinsia grandiflora",10,10,"700, jasmin","6/1/24"
"151",151,23590,"6/1/24","JA","700:Holiday",6,"Mix5",8,NA,"Sonchus asper",1,1,"700, jasmin","6/1/24"
"152",152,23709,"6/5/24","Other","702:Holiday",6,"Mix2",0,NA,"Collinsia grandiflora",1000,18,"702","6/4/24"
"153",153,23710,"6/5/24","Other","702:Holiday",6,"Mix2",0,NA,"Phlox gracilis",165,8,"702","6/4/24"
"154",154,23711,"6/5/24","Other","702:Holiday",6,"Mix2",4,NA,"Phlox gracilis",36.5,4,"702","6/4/24"
"155",155,23712,"6/5/24","Other","702:Holiday",6,"Mix2",4,NA,"Madia gracilis",0.1,20,"702","6/4/24"
"156",156,23717,"6/5/24","Other","702:Holiday",6,"Mix2",4,NA,"Collinsia grandiflora",67.5,20,"702","6/4/24"
"157",157,23720,"6/5/24","Other","702:Holiday",6,"Mix2",12,NA,"Madia gracilis",0.04,25,"702","6/4/24"
"158",158,23721,"6/5/24","Other","702:Holiday",6,"Mix2",12,NA,"Phlox gracilis",9,3,"702","6/4/24"
"159",159,23725,"6/5/24","Other","702:Holiday",6,"Mix2",12,NA,"Collinsia grandiflora",40,20,"702","6/4/24"
"160",160,23726,"6/5/24","Other","702:Holiday",6,"Mix2",8,NA,"Madia gracilis",0.06,15,"702","6/4/24"
"161",161,23727,"6/5/24","Other","702:Holiday",6,"Mix2",8,NA,"Phlox gracilis",10,6,"702","6/4/24"
"162",162,23728,"6/5/24","Other","702:Holiday",6,"Mix2",8,NA,"Collinsia grandiflora",80,15,"702","6/4/24"
"163",163,23729,"6/5/24","RM","702:Holiday",6,"Mix5",0,NA,"Collinsia grandiflora",400,3,"702","6/4/24"
"164",164,23730,"6/5/24","RM","702:Holiday",6,"Mix5",4,NA,"Collinsia grandiflora",60,13,"702","6/4/24"
"165",165,23731,"6/5/24","Other","702:Holiday",6,"Mix1",12,NA,"Phlox gracilis",10,2,"702","6/4/24"
"166",166,23732,"6/5/24","RM","702:Holiday",6,"Mix5",0,NA,"Collinsia grandiflora",90,9,"702","6/4/24"
"167",167,23733,"6/5/24","RM","702:Holiday",6,"Mix5",12,NA,"Collinsia grandiflora",100,10,"702","6/4/24"
"168",168,23734,"6/5/24","RM","702:Holiday",6,"Mix4",0,NA,"Phlox gracilis",20,8,"702","6/4/24"
"169",169,23735,"6/5/24","RM","702:Holiday",6,"Mix4",4,NA,"Phlox gracilis",16,4,"702","6/4/24"
"170",170,23736,"6/5/24","Other","702:Holiday",6,"Mix6",0,NA,"Phlox gracilis",30,8,"702","6/4/24"
"171",171,23737,"6/5/24","RM","702:Holiday",6,"Mix4",4,NA,"Madia gracilis",2,10,"702","6/4/24"
"172",172,23738,"6/5/24","Other","702:Holiday",6,"Mix6",0,NA,"Collinsia grandiflora",15,2,"702","6/4/24"
"173",173,23739,"6/5/24","RM","702:Holiday",6,"Mix4",8,NA,"Phlox gracilis",5,12,"702","6/4/24"
"174",174,23740,"6/5/24","RM","702:Holiday",6,"Mix4",12,NA,"Madia gracilis",2,5,"702","6/4/24"
"175",175,23741,"6/5/24","Other","702:Holiday",6,"Mix6",0,NA,"Madia gracilis",0.08,12,"702","6/4/24"
"176",176,23742,"6/5/24","RM","702:Holiday",6,"Mix3",0,NA,"Collinsia grandiflora",80,5,"702","6/4/24"
"177",177,23743,"6/5/24","Other","702:Holiday",6,"Mix6",4,NA,"Phlox gracilis",25,12,"702","6/4/24"
"178",178,23744,"6/5/24","RM","702:Holiday",6,"Mix3",4,NA,"Collinsia grandiflora",50,4,"702","6/4/24"
"179",179,23745,"6/5/24","RM","702:Holiday",6,"Mix3",8,NA,"Collinsia grandiflora",80,7,"702","6/4/24"
"180",180,23746,"6/5/24","Other","702:Holiday",6,"Mix6",8,NA,"Phlox gracilis",30,20,"702","6/4/24"
"181",181,23747,"6/5/24","RM","702:Holiday",6,"Mix3",12,NA,"Collinsia grandiflora",100,6,"702","6/4/24"
"182",182,23748,"6/5/24","Other","702:Holiday",6,"Mix6",8,NA,"Madia gracilis",0.0763,13,"702","6/4/24"
"183",183,23749,"6/5/24","Other","702:Holiday",6,"Mix6",12,NA,"Phlox gracilis",75,8,"702","6/4/24"
"184",184,24164,"6/6/24","RM","605:Holiday",6,"Mix2",0,NA,"Phlox gracilis",3,1,"","6/6/24"
"185",185,24165,"6/6/24","RM","605:Holiday",6,"Mix2",4,NA,"Phlox gracilis",3,1,"","6/6/24"
"186",186,24166,"6/6/24","RM","605:Holiday",6,"Mix2",12,NA,"Collinsia grandiflora",1,2,"","6/6/24"
"187",187,24167,"6/6/24","RM","605:Holiday",6,"Mix3",4,NA,"Collinsia grandiflora",4,7,"","6/6/24"
"188",188,24168,"6/6/24","RM","605:Holiday",6,"Mix3",8,NA,"Collinsia grandiflora",4,1,"","6/6/24"
"189",189,24169,"6/6/24","RM","605:Holiday",6,"Mix3",12,NA,"Collinsia grandiflora",5,9,"","6/6/24"
"190",190,24170,"6/6/24","RM","605:Holiday",6,"Mix4",0,NA,"Madia gracilis",1,1,"","6/6/24"
"191",191,24171,"6/6/24","RM","605:Holiday",6,"Mix4",4,NA,"Phlox gracilis",20,3,"","6/6/24"
"192",192,24172,"6/6/24","RM","605:Holiday",6,"Mix5",0,NA,"Collinsia grandiflora",10,4,"","6/6/24"
"193",193,24173,"6/6/24","RM","605:Holiday",6,"Mix5",0,NA,"Collinsia grandiflora",7,7,"","6/6/24"
"194",194,24174,"6/6/24","RM","605:Holiday",6,"Mix6",8,NA,"Phlox gracilis",4,1,"","6/6/24"
"195",195,24718,"6/11/24","RM","611:Holiday",6,"Mix1",4,NA,"Gilia capitata",1.5,2,"","6/11/24"
"196",196,24719,"6/11/24","RM","611:Holiday",6,"Mix1",4,NA,"Senecio vulgaris",35,4,"vulgaris","6/11/24"
"197",197,24720,"6/11/24","RM","611:Holiday",6,"Mix1",4,NA,"Clarkia purpurea",1,6,"","6/11/24"
"198",198,24721,"6/11/24","RM","611:Holiday",6,"Mix1",8,NA,"Senecio vulgaris",13,6,"vulgaris","6/11/24"
"199",199,24722,"6/11/24","RM","611:Holiday",6,"Mix1",8,NA,"Clarkia purpurea",1,2,"","6/11/24"
"200",200,24723,"6/11/24","RM","611:Holiday",6,"Mix1",12,NA,"Phlox gracilis",3,6,"","6/11/24"
"201",201,24724,"6/11/24","RM","611:Holiday",6,"Mix1",8,NA,"Gilia capitata",1,1,"","6/11/24"
"202",202,24725,"6/11/24","RM","611:Holiday",6,"Mix1",12,NA,"Senecio vulgaris",3,1,"","6/11/24"
"203",203,24726,"6/11/24","RM","611:Holiday",6,"Mix1",12,NA,"Senecio vulgaris",20,3,"vulgaris","6/11/24"
"204",204,24727,"6/11/24","RM","611:Holiday",6,"Mix2",0,NA,"Collinsia grandiflora",5,3,"","6/11/24"
"205",205,24728,"6/11/24","RM","611:Holiday",6,"Mix2",0,NA,"Senecio vulgaris",20,5,"vulgaris","6/11/24"
"206",206,24729,"6/11/24","RM","611:Holiday",6,"Mix2",0,NA,"Phlox gracilis",6,8,"","6/11/24"
"207",207,24730,"6/11/24","RM","611:Holiday",6,"Mix2",4,NA,"Phlox gracilis",11,5,"","6/11/24"
"208",208,24731,"6/11/24","RM","611:Holiday",6,"Mix2",4,NA,"Collinsia grandiflora",1,1,"","6/11/24"
"209",209,24732,"6/11/24","RM","611:Holiday",6,"Mix2",4,NA,"Senecio vulgaris",40,2,"","6/11/24"
"210",210,24733,"6/11/24","RM","611:Holiday",6,"Mix2",0,NA,"Phacelia heterophylla",15,1,"","6/11/24"
"211",211,24734,"6/11/24","RM","611:Holiday",6,"Mix2",8,NA,"Collinsia grandiflora",8,6,"","6/11/24"
"212",212,24735,"6/11/24","RM","611:Holiday",6,"Mix2",8,NA,"Phlox gracilis",3,1,"","6/11/24"
"213",213,24736,"6/11/24","RM","611:Holiday",6,"Mix2",12,NA,"Phlox gracilis",7,2,"","6/11/24"
"214",214,24737,"6/11/24","RM","611:Holiday",6,"Mix2",12,NA,"Collinsia grandiflora",1,3,"","6/11/24"
"215",215,24738,"6/11/24","RM","611:Holiday",6,"Mix3",0,NA,"Collomia heterophylla",5,6,"","6/11/24"
"216",216,24739,"6/11/24","RM","611:Holiday",6,"Mix3",0,NA,"Collomia grandiflora",6,4,"","6/11/24"
"217",217,24740,"6/11/24","RM","611:Holiday",6,"Mix3",0,NA,"Phacelia heterophylla",7,1,"","6/11/24"
"218",218,24741,"6/11/24","RM","611:Holiday",6,"Mix3",4,NA,"Phacelia heterophylla",40,1,"","6/11/24"
"219",219,24742,"6/11/24","RM","611:Holiday",6,"Mix3",4,NA,"Collinsia grandiflora",5,3,"","6/11/24"
"220",220,24743,"6/11/24","RM","611:Holiday",6,"Mix3",4,NA,"Collomia heterophylla",8,2,"","6/11/24"
"221",221,24744,"6/11/24","RM","611:Holiday",6,"Mix3",8,NA,"Collomia heterophylla",6,2,"","6/11/24"
"222",222,24745,"6/11/24","RM","611:Holiday",6,"Mix3",8,NA,"Senecio vulgaris",40,2,"","6/11/24"
"223",223,24746,"6/11/24","RM","611:Holiday",6,"Mix3",0,NA,"Collinsia grandiflora",5,2,"","6/11/24"
"224",224,24747,"6/11/24","RM","611:Holiday",6,"Mix3",12,NA,"Collomia heterophylla",12,1,"","6/11/24"
"225",225,24748,"6/11/24","RM","611:Holiday",6,"Mix3",12,NA,"Senecio vulgaris",30,2,"vulgaris","6/11/24"
"226",226,24749,"6/11/24","RM","611:Holiday",6,"Mix6",0,NA,"Leucanthemum vulgare",5,1,"","6/11/24"
"227",227,24750,"6/11/24","RM","611:Holiday",6,"Mix6",0,NA,"Collomia heterophylla",6,2,"","6/11/24"
"228",228,24751,"6/11/24","RM","611:Holiday",6,"Mix6",4,NA,"Collomia heterophylla",3,2,"","6/11/24"
"229",229,24752,"6/11/24","RM","611:Holiday",6,"Mix6",4,NA,"Leucanthemum vulgare",4,1,"","6/11/24"
"230",230,24753,"6/11/24","RM","611:Holiday",6,"Mix6",4,NA,"Senecio vulgaris",620,2,"","6/11/24"
"231",231,24754,"6/11/24","RM","611:Holiday",6,"Mix6",8,NA,"Collomia heterophylla",1,1,"","6/11/24"
"232",232,24755,"6/11/24","RM","611:Holiday",6,"Mix6",8,NA,"Collinsia grandiflora",0.5,8,"","6/11/24"
"233",233,24756,"6/11/24","RM","611:Holiday",6,"Mix6",12,NA,"Gilia capitata",1,1,"","6/11/24"
"234",234,24757,"6/11/24","RM","611:Holiday",6,"Mix6",12,NA,"Phlox gracilis",0.2,10,"","6/11/24"
"235",235,24758,"6/11/24","RM","611:Holiday",6,"Mix5",0,NA,"Collomia heterophylla",2,1,"","6/11/24"
"236",236,24759,"6/11/24","RM","611:Holiday",6,"Mix5",0,NA,"Collinsia grandiflora",10,3,"","6/11/24"
"237",237,24760,"6/11/24","RM","611:Holiday",6,"Mix5",4,NA,"Collomia grandiflora",2,1,"","6/11/24"
"238",238,24761,"6/11/24","RM","611:Holiday",6,"Mix5",8,NA,"Collinsia grandiflora",13,6,"","6/11/24"
"239",239,24762,"6/11/24","RM","611:Holiday",6,"Mix5",12,NA,"Collinsia grandiflora",7,3,"","6/11/24"
"240",240,24763,"6/11/24","RM","611:Holiday",6,"Mix5",12,NA,"Collomia heterophylla",7,2,"","6/11/24"
"241",241,24764,"6/11/24","RM","611:Holiday",6,"Mix4",0,NA,"Phlox gracilis",5,4,"","6/11/24"
"242",242,24765,"6/11/24","RM","611:Holiday",6,"Mix4",0,NA,"Clarkia purpurea",1,3,"","6/11/24"
"243",243,24766,"6/11/24","RM","611:Holiday",6,"Mix4",8,NA,"Clarkia purpurea",3,1,"","6/11/24"
"244",244,24767,"6/11/24","RM","611:Holiday",6,"Mix4",8,NA,"Collomia heterophylla",7,5,"","6/11/24"
"245",245,24768,"6/11/24","RM","611:Holiday",6,"Mix1",4,NA,"Collomia heterophylla",10,6,"","6/11/24"
"246",246,24769,"6/11/24","RM","611:Holiday",6,"Mix1",0,NA,"Collomia heterophylla",8,1,"","6/11/24"
"247",247,24770,"6/11/24","RM","611:Holiday",6,"Mix1",8,NA,"Collomia heterophylla",4,8,"","6/11/24"
"248",248,24904,"6/12/24","RM","704:Holiday",6,"Mix4",0,NA,"Phlox gracilis",2,11,"704","6/12/24"
"249",249,24905,"6/12/24","RM","704:Holiday",6,"Mix4",4,NA,"Phlox gracilis",0.5,4,"704","6/12/24"
"250",250,24906,"6/12/24","RM","704:Holiday",6,"Mix4",8,NA,"Phlox gracilis",2,7,"704","6/12/24"
"251",251,24907,"6/12/24","RM","704:Holiday",6,"Mix4",12,NA,"Phlox gracilis",0.4,10,"704","6/12/24"
"252",252,24908,"6/12/24","RM","704:Holiday",6,"Mix6",0,NA,"Phlox gracilis",1,3,"704","6/12/24"
"253",253,24909,"6/12/24","RM","704:Holiday",6,"Mix6",0,NA,"Collinsia grandiflora",10,1,"704","6/12/24"
"254",254,24910,"6/12/24","RM","704:Holiday",6,"Mix6",4,NA,"Phlox gracilis",2,6,"704","6/12/24"
"255",255,24911,"6/12/24","RM","704:Holiday",6,"Mix6",8,NA,"Collinsia grandiflora",2,5,"704","6/12/24"
"256",256,24912,"6/12/24","RM","704:Holiday",6,"Mix6",12,NA,"Phlox gracilis",0.5,6,"704","6/12/24"
"257",257,24913,"6/12/24","RM","704:Holiday",6,"Mix5",0,NA,"Collinsia grandiflora",8,11,"704","6/12/24"
"258",258,24914,"6/12/24","RM","704:Holiday",6,"Mix5",4,NA,"Collinsia grandiflora",9,10,"704","6/12/24"
"259",259,24915,"6/12/24","RM","704:Holiday",6,"Mix5",8,NA,"Collinsia grandiflora",20,3,"704","6/12/24"
"260",260,24916,"6/12/24","RM","704:Holiday",6,"Mix5",12,NA,"Collinsia grandiflora",7,8,"704","6/12/24"
"261",261,24918,"6/12/24","RM","704:Holiday",6,"Mix3",0,NA,"Collinsia grandiflora",10,9,"704","6/12/24"
"262",262,24920,"6/12/24","RM","704:Holiday",6,"Mix3",4,NA,"Collinsia grandiflora",9,4,"704","6/12/24"
"263",263,24921,"6/12/24","RM","704:Holiday",6,"Mix3",8,NA,"Collinsia grandiflora",6,10,"704","6/12/24"
"264",264,24922,"6/12/24","RM","704:Holiday",6,"Mix3",12,NA,"Collinsia grandiflora",12,3,"704","6/12/24"
"265",265,24924,"6/12/24","RM","704:Holiday",6,"Mix2",0,NA,"Collinsia grandiflora",6,8,"704","6/12/24"
"266",266,24925,"6/12/24","RM","704:Holiday",6,"Mix2",0,NA,"Phlox gracilis",1,3,"704","6/12/24"
"267",267,24927,"6/12/24","RM","704:Holiday",6,"Mix2",0,NA,"Madia gracilis",0.2,10,"704","6/12/24"
"268",268,24928,"6/12/24","RM","704:Holiday",6,"Mix2",4,NA,"Collinsia grandiflora",12,9,"704","6/12/24"
"269",269,24929,"6/12/24","RM","704:Holiday",6,"Mix2",4,NA,"Madia gracilis",0.25,12,"704","6/12/24"
"270",270,24930,"6/12/24","RM","704:Holiday",6,"Mix2",4,NA,"Phlox gracilis",2,1,"704","6/12/24"
"271",271,24931,"6/12/24","RM","704:Holiday",6,"Mix2",8,NA,"Collinsia grandiflora",14,7,"704","6/12/24"
"272",272,24933,"6/12/24","RM","704:Holiday",6,"Mix2",8,NA,"Phlox gracilis",1,1,"704","6/12/24"
"273",273,24934,"6/12/24","RM","704:Holiday",6,"Mix2",12,NA,"Collinsia grandiflora",12,6,"704","6/12/24"
"274",274,24935,"6/12/24","RM","704:Holiday",6,"Mix2",12,NA,"Phlox gracilis",1,3,"704","6/12/24"
"275",275,24938,"6/12/24","RM","704:Holiday",6,"Mix6",12,NA,"Madia gracilis",0.2,10,"704","6/12/24"
"276",276,25471,"6/20/24","RM","604:Holiday",6,"Mix1",0,NA,"Gilia capitata",1.5,18,"","6/20/24"
"277",277,25473,"6/20/24","RM","604:Holiday",6,"Mix1",0,NA,"Senecio sylvaticus",13,1,"","6/20/24"
"278",278,25474,"6/20/24","RM","604:Holiday",6,"Mix1",0,NA,"Crepis setosa",13,1,"setosa","6/20/24"
"279",279,25475,"6/20/24","RM","604:Holiday",6,"Mix1",8,NA,"Senecio sylvaticus",7,12,"setosa","6/20/24"
"280",280,25477,"6/20/24","RM","604:Holiday",6,"Mix1",8,NA,"Clarkia purpurea",2,5,"setosa","6/20/24"
"281",281,25478,"6/20/24","RM","604:Holiday",6,"Mix1",8,NA,"Gilia capitata",2,7,"setosa","6/20/24"
"282",282,25482,"6/20/24","RM","604:Holiday",6,"Mix1",4,NA,"Gilia capitata",1.5,14,"","6/20/24"
"283",283,25485,"6/20/24","RM","604:Holiday",6,"Mix1",4,NA,"Clarkia purpurea",0.5,12,"","6/20/24"
"284",284,25489,"6/20/24","RM","604:Holiday",6,"Mix1",0,NA,"Clarkia purpurea",1,9,"","6/20/24"
"285",285,25490,"6/20/24","RM","604:Holiday",6,"Mix1",0,NA,"Clarkia amoena",0.25,4,"","6/20/24"
"286",286,25491,"6/20/24","RM","604:Holiday",6,"Mix1",4,NA,"Clarkia purpurea",1.5,12,"","6/20/24"
"287",287,25492,"6/20/24","RM","604:Holiday",6,"Mix1",12,NA,"Clarkia purpurea",2,2,"","6/20/24"
"288",288,25493,"6/20/24","RM","604:Holiday",6,"Mix1",12,NA,"Gilia capitata",3,3,"","6/20/24"
"289",289,25495,"6/20/24","RM","604:Holiday",6,"Mix1",12,NA,"Senecio sylvaticus",6,4,"","6/20/24"
"290",290,25497,"6/20/24","RM","604:Holiday",6,"Mix2",0,NA,"Collomia grandiflora",0.3,9,"","6/20/24"
"291",291,25499,"6/20/24","RM","604:Holiday",6,"Mix2",0,NA,"Madia gracilis",1.5,10,"","6/20/24"
"292",292,25501,"6/20/24","RM","604:Holiday",6,"Mix2",0,NA,"Collinsia grandiflora",2,5,"","6/20/24"
"293",293,25502,"6/20/24","RM","604:Holiday",6,"Mix2",0,NA,"Senecio sylvaticus",16,5,"","6/20/24"
"294",294,25505,"6/20/24","RM","604:Holiday",6,"Mix2",4,NA,"Collomia grandiflora",2,4,"","6/20/24"
"295",295,25506,"6/20/24","RM","604:Holiday",6,"Mix2",4,NA,"Gilia capitata",1,1,"","6/20/24"
"296",296,25507,"6/20/24","RM","604:Holiday",6,"Mix2",0,NA,"Madia gracilis",0.25,8,"","6/20/24"
"297",297,25509,"6/20/24","RM","604:Holiday",6,"Mix2",4,NA,"Collinsia grandiflora",1,5,"","6/20/24"
"298",298,25511,"6/20/24","RM","604:Holiday",6,"Mix2",8,NA,"Madia gracilis",0.25,20,"","6/20/24"
"299",299,25514,"6/20/24","RM","604:Holiday",6,"Mix2",0,NA,"Collomia grandiflora",0.25,16,"","6/20/24"
"300",300,25516,"6/20/24","RM","604:Holiday",6,"Mix2",8,NA,"Collinsia grandiflora",4,8,"","6/20/24"
"301",301,25517,"6/20/24","RM","604:Holiday",6,"Mix2",8,NA,"Senecio sylvaticus",13,3,"","6/20/24"
"302",302,25518,"6/20/24","RM","604:Holiday",6,"Mix2",12,NA,"Collomia grandiflora",7,1,"","6/20/24"
"303",303,25520,"6/20/24","RM","604:Holiday",6,"Mix2",12,NA,"Madia gracilis",0.5,2,"","6/20/24"
"304",304,25522,"6/20/24","RM","604:Holiday",6,"Mix2",12,NA,"Senecio sylvaticus",12,2,"","6/20/24"
"305",305,25524,"6/20/24","RM","604:Holiday",6,"Mix2",12,NA,"Hypochaeris radicata",1,2,"","6/20/24"
"306",306,25529,"6/20/24","RM","604:Holiday",6,"Mix3",0,NA,"Collomia grandiflora",1,18,"","6/20/24"
"307",307,25531,"6/20/24","RM","604:Holiday",6,"Mix3",0,11,"holcus lanatus",120,11,"hocus lanatus","6/20/24"
"308",308,25532,"6/20/24","RM","604:Holiday",6,"Mix3",0,NA,"holcus lanatus",3,3,"setosa","6/20/24"
"309",309,25534,"6/20/24","RM","604:Holiday",6,"Mix3",0,NA,"holcus lanatus",4,5,"setosa","6/20/24"
"310",310,25535,"6/20/24","RM","604:Holiday",6,"Mix3",0,NA,"holcus lanatus",2,9,"setosa","6/20/24"
"311",311,25538,"6/20/24","RM","604:Holiday",6,"Mix3",4,NA,"holcus lanatus",3,12,"setosa","6/20/24"
"312",312,25540,"6/20/24","RM","604:Holiday",6,"Mix3",4,NA,"Collomia grandiflora",5,12,"setosa","6/20/24"
"313",313,25542,"6/20/24","RM","604:Holiday",6,"Mix3",4,NA,"Hypochaeris radicata",4,2,"setosa","6/20/24"
"314",314,25543,"6/20/24","RM","604:Holiday",6,"Mix3",8,NA,"Gilia capitata",1,10,"","6/20/24"
"315",315,25544,"6/20/24","RM","604:Holiday",6,"Mix3",4,NA,"Collomia grandiflora",3,17,"","6/20/24"
"316",316,25547,"6/20/24","RM","604:Holiday",6,"Mix3",8,NA,"Collinsia grandiflora",3,3,"","6/20/24"
"317",317,25548,"6/20/24","RM","604:Holiday",6,"Mix3",8,NA,"Hypochaeris radicata",3,2,"","6/20/24"
"318",318,25549,"6/20/24","RM","604:Holiday",6,"Mix3",8,NA,"Senecio sylvaticus",35,1,"","6/20/24"
"319",319,25551,"6/20/24","RM","604:Holiday",6,"Mix3",8,5,"holcus lanatus",350,5,"hocus lanatus","6/20/24"
"320",320,25553,"6/20/24","RM","604:Holiday",6,"Mix3",12,NA,"Crepis setosa",2,1,"setosa","6/20/24"
"321",321,25554,"6/20/24","RM","604:Holiday",6,"Mix3",12,NA,"Senecio sylvaticus",23,4,"","6/20/24"
"322",322,25556,"6/20/24","RM","604:Holiday",6,"Mix3",12,NA,"Collomia grandiflora",1,9,"","6/20/24"
"323",323,25557,"6/20/24","RM","604:Holiday",6,"Mix3",12,NA,"Gilia capitata",2,5,"","6/20/24"
"324",324,25562,"6/20/24","RM","604:Holiday",6,"Mix4",0,NA,"Crepis setosa",39,1,"setosa","6/20/24"
"325",325,25574,"6/20/24","RM","604:Holiday",6,"Mix4",0,NA,"Madia gracilis",0.25,4,"","6/20/24"
"326",326,25576,"6/20/24","RM","604:Holiday",6,"Mix4",0,NA,"Clarkia amoena",0.15,6,"","6/20/24"
"327",327,25580,"6/20/24","RM","604:Holiday",6,"Mix4",4,NA,"Madia gracilis",1.5,12,"","6/20/24"
"328",328,25582,"6/20/24","RM","604:Holiday",6,"Mix4",4,NA,"Phacelia heterophylla",9,1,"","6/20/24"
"329",329,25583,"6/20/24","RM","604:Holiday",6,"Mix4",4,NA,"Hypochaeris radicata",4,3,"","6/20/24"
"330",330,25584,"6/20/24","RM","604:Holiday",6,"Mix4",4,NA,"Clarkia purpurea",1,7,"","6/20/24"
"331",331,25587,"6/20/24","RM","604:Holiday",6,"Mix4",4,NA,"Senecio sylvaticus",4,4,"","6/20/24"
"332",332,25593,"6/20/24","RM","604:Holiday",6,"Mix4",8,NA,"Clarkia amoena",0.5,6,"","6/20/24"
"333",333,25595,"6/20/24","RM","604:Holiday",6,"Mix4",8,NA,"Madia gracilis",1.5,8,"","6/20/24"
"334",334,25597,"6/20/24","RM","604:Holiday",6,"Mix4",8,NA,"Hypochaeris radicata",5,3,"","6/20/24"
"335",335,25599,"6/20/24","RM","604:Holiday",6,"Mix4",8,NA,"Senecio sylvaticus",11,5,"","6/20/24"
"336",336,25600,"6/20/24","RM","604:Holiday",6,"Mix4",8,NA,"Clarkia amoena",0.5,4,"","6/20/24"
"337",337,25602,"6/20/24","RM","604:Holiday",6,"Mix4",12,NA,"Madia gracilis",1.5,12,"","6/20/24"
"338",338,25603,"6/20/24","RM","604:Holiday",6,"Mix4",12,NA,"Clarkia purpurea",0.3,9,"","6/20/24"
"339",339,25609,"6/20/24","RM","604:Holiday",6,"Mix5",0,NA,"Collomia grandiflora",10,8,"","6/20/24"
"340",340,25610,"6/20/24","RM","604:Holiday",6,"Mix5",0,NA,"Hypochaeris radicata",9,2,"","6/20/24"
"341",341,25613,"6/20/24","RM","604:Holiday",6,"Mix5",0,NA,"Crepis setosa",3,1,"setosa","6/20/24"
"342",342,25614,"6/20/24","RM","604:Holiday",6,"Mix5",0,8,"holcus lanatus",90,8,"holcus lanatus","6/20/24"
"343",343,25618,"6/20/24","RM","604:Holiday",6,"Mix5",0,NA,"Clarkia purpurea",2,10,"","6/20/24"
"344",344,25619,"6/20/24","RM","604:Holiday",6,"Mix5",0,NA,"Phacelia heterophylla",4,2,"","6/20/24"
"345",345,25620,"6/20/24","RM","604:Holiday",6,"Mix5",0,NA,"Senecio sylvaticus",5,3,"","6/20/24"
"346",346,25621,"6/20/24","RM","604:Holiday",6,"Mix5",0,NA,"Collinsia grandiflora",4,3,"","6/20/24"
"347",347,25622,"6/20/24","RM","604:Holiday",6,"Mix5",4,7,"holcus lanatus",200,7,"holcus lanatus","6/20/24"
"348",348,25624,"6/20/24","RM","604:Holiday",6,"Mix5",4,NA,"Senecio sylvaticus",21,1,"","6/20/24"
"349",349,25625,"6/20/24","RM","604:Holiday",6,"Mix5",4,NA,"Collomia grandiflora",12,6,"","6/20/24"
"350",350,25626,"6/20/24","RM","604:Holiday",6,"Mix5",4,NA,"Collinsia grandiflora",5,3,"","6/20/24"
"351",351,25632,"6/20/24","RM","604:Holiday",6,"Mix5",4,NA,"Clarkia purpurea",5,8,"","6/20/24"
"352",352,25637,"6/20/24","RM","604:Holiday",6,"Mix5",8,11,"holcus lanatus",130,11,"holcus lanatus","6/20/24"
"353",353,25638,"6/20/24","RM","604:Holiday",6,"Mix5",8,NA,"Collinsia grandiflora",4,3,"","6/20/24"
"354",354,25639,"6/20/24","RM","604:Holiday",6,"Mix5",8,NA,"Clarkia purpurea",2,11,"","6/20/24"
"355",355,25640,"6/20/24","RM","604:Holiday",6,"Mix5",8,NA,"Collomia grandiflora",11,1,"","6/20/24"
"356",356,25653,"6/20/24","RM","604:Holiday",6,"Mix5",12,NA,"Crepis setosa",15,1,"setosa","6/20/24"
"357",357,25655,"6/20/24","RM","604:Holiday",6,"Mix5",12,NA,"Clarkia purpurea",2,12,"","6/20/24"
"358",358,25656,"6/20/24","RM","604:Holiday",6,"Mix5",12,5,"holcus lanatus",160,5,"holcus lanatus","6/20/24"
"359",359,25661,"6/20/24","RM","604:Holiday",6,"Mix6",0,NA,"Gilia capitata",2,6,"","6/20/24"
"360",360,25663,"6/20/24","RM","604:Holiday",6,"Mix6",0,NA,"Madia gracilis",0.3,9,"","6/20/24"
"361",361,25666,"6/20/24","RM","604:Holiday",6,"Mix6",0,NA,"Senecio sylvaticus",33,1,"","6/20/24"
"362",362,25669,"6/20/24","RM","604:Holiday",6,"Mix6",4,NA,"Gilia capitata",2,11,"","6/20/24"
"363",363,25670,"6/20/24","RM","604:Holiday",6,"Mix6",4,NA,"Madia gracilis",0.5,14,"","6/20/24"
"364",364,25671,"6/20/24","RM","604:Holiday",6,"Mix6",4,2,"holcus lanatus",140,2,"holcus lanatus","6/20/24"
"365",365,25673,"6/20/24","RM","604:Holiday",6,"Mix6",8,NA,"Gilia capitata",4,6,"","6/20/24"
"366",366,25675,"6/20/24","RM","604:Holiday",6,"Mix6",8,NA,"Senecio sylvaticus",34,1,"","6/20/24"
"367",367,25677,"6/20/24","RM","604:Holiday",6,"Mix6",8,9,"holcus lanatus",150,9,"holcus lanatus","6/20/24"
"368",368,25678,"6/20/24","RM","604:Holiday",6,"Mix6",12,NA,"Collomia grandiflora",29,1,"","6/20/24"
"369",369,25680,"6/20/24","RM","604:Holiday",6,"Mix6",12,NA,"Gilia capitata",4,8,"","6/20/24"
"370",370,25681,"6/20/24","RM","604:Holiday",6,"Mix6",12,NA,"Senecio sylvaticus",31,1,"","6/20/24"
"371",371,26062,"6/21/24","RM","705:Holiday",6,"Mix1",4,NA,"Gilia capitata",0.5,6,"705","6/21/24"
"372",372,26063,"6/21/24","RM","705:Holiday",6,"Mix1",8,NA,"Gilia capitata",0.5,8,"705","6/21/24"
"373",373,26064,"6/21/24","RM","705:Holiday",6,"Mix1",8,NA,"Senecio sylvaticus",4,5,"705","6/21/24"
"374",374,26065,"6/21/24","RM","705:Holiday",6,"Mix1",12,NA,"Gilia capitata",0.25,8,"705","6/21/24"
"375",375,26066,"6/21/24","RM","705:Holiday",6,"Mix2",0,NA,"Collinsia grandiflora",6,6,"705","6/21/24"
"376",376,26067,"6/21/24","RM","705:Holiday",6,"Mix2",0,NA,"Collomia grandiflora",5,5,"705","6/21/24"
"377",377,26068,"6/21/24","RM","705:Holiday",6,"Mix2",4,NA,"Senecio sylvaticus",4,4,"705","6/21/24"
"378",378,26069,"6/21/24","RM","705:Holiday",6,"Mix2",8,NA,"Collinsia grandiflora",4,4,"705","6/21/24"
"379",379,26070,"6/21/24","RM","705:Holiday",6,"Mix2",8,NA,"Senecio sylvaticus",6,4,"705","6/21/24"
"380",380,26071,"6/21/24","RM","705:Holiday",6,"Mix2",12,NA,"Senecio sylvaticus",5,4,"705","6/21/24"
"381",381,26072,"6/21/24","RM","705:Holiday",6,"Mix3",0,NA,"Collomia grandiflora",0.1,10,"705","6/21/24"
"382",382,26073,"6/21/24","RM","705:Holiday",6,"Mix3",0,NA,"Collinsia grandiflora",9,5,"705","6/21/24"
"383",383,26074,"6/21/24","RM","705:Holiday",6,"Mix3",0,NA,"Gilia capitata",1,3,"705","6/21/24"
"384",384,26075,"6/21/24","RM","705:Holiday",6,"Mix3",4,NA,"Gilia capitata",0.75,16,"705","6/21/24"
"385",385,26076,"6/21/24","RM","705:Holiday",6,"Mix3",4,NA,"Collinsia grandiflora",4,7,"705","6/21/24"
"386",386,26077,"6/21/24","RM","705:Holiday",6,"Mix3",12,NA,"Gilia capitata",0.5,8,"705","6/21/24"
"387",387,26078,"6/21/24","RM","705:Holiday",6,"Mix3",12,NA,"Collomia grandiflora",1,10,"705","6/21/24"
"388",388,26079,"6/21/24","RM","705:Holiday",6,"Mix3",12,NA,"Collinsia grandiflora",4,6,"705","6/21/24"
"389",389,26080,"6/21/24","RM","705:Holiday",6,"Mix4",0,NA,"Clarkia purpurea",1,2,"705","6/21/24"
"390",390,26081,"6/21/24","RM","705:Holiday",6,"Mix5",0,NA,"Collomia grandiflora",1.5,8,"705","6/21/24"
"391",391,26082,"6/21/24","RM","705:Holiday",6,"Mix5",0,NA,"Collinsia grandiflora",2,7,"705","6/21/24"
"392",392,26083,"6/21/24","RM","705:Holiday",6,"Mix5",4,NA,"Collinsia grandiflora",1,4,"705","6/21/24"
"393",393,26084,"6/21/24","RM","705:Holiday",6,"Mix5",4,NA,"Collinsia grandiflora",1,4,"705","6/21/24"
"394",394,26085,"6/21/24","RM","705:Holiday",6,"Mix5",4,NA,"Senecio sylvaticus",30,1,"705","6/21/24"
"395",395,26086,"6/21/24","RM","705:Holiday",6,"Mix5",8,NA,"Collinsia grandiflora",1,24,"705","6/21/24"
"396",396,26087,"6/21/24","RM","705:Holiday",6,"Mix5",8,NA,"Clarkia purpurea",1,3,"705","6/21/24"
"397",397,26088,"6/21/24","RM","705:Holiday",6,"Mix5",8,NA,"Collinsia grandiflora",2,3,"705","6/21/24"
"398",398,26089,"6/21/24","RM","705:Holiday",6,"Mix5",12,NA,"Collinsia grandiflora",3,2,"705","6/21/24"
"399",399,26090,"6/21/24","RM","705:Holiday",6,"Mix5",12,NA,"Collomia grandiflora",1.5,14,"705","6/21/24"
"400",400,26091,"6/21/24","RM","705:Holiday",6,"Mix5",12,NA,"Clarkia purpurea",0.5,8,"705","6/21/24"
"401",401,26092,"6/21/24","RM","705:Holiday",6,"Mix6",0,NA,"Senecio sylvaticus",2,3,"705","6/21/24"
"402",402,26093,"6/21/24","RM","705:Holiday",6,"Mix6",4,NA,"Senecio sylvaticus",1,2,"705","6/21/24"
"403",403,26094,"6/21/24","RM","705:Holiday",6,"Mix6",4,NA,"Gilia capitata",1,6,"705","6/21/24"
"404",404,26095,"6/21/24","RM","705:Holiday",6,"Mix6",12,NA,"Gilia capitata",1,6,"705","6/21/24"
"405",405,26096,"6/21/24","RM","705:Holiday",6,"Mix6",12,NA,"Senecio sylvaticus",3,2,"705","6/21/24"
"406",406,26101,"6/24/24","RM","700:Holiday",6,"Mix1",0,NA,"Gilia capitata",1,18,"700","6/21/24"
"407",407,26103,"6/24/24","RM","700:Holiday",6,"Mix1",0,NA,"Clarkia purpurea",1,8,"700","6/21/24"
"408",408,26104,"6/24/24","RM","700:Holiday",6,"Mix1",4,NA,"Clarkia purpurea",0.75,12,"700","6/21/24"
"409",409,26107,"6/24/24","RM","700:Holiday",6,"Mix1",4,NA,"Gilia capitata",1.5,16,"700","6/21/24"
"410",410,26109,"6/24/24","RM","700:Holiday",6,"Mix1",4,NA,"Senecio sylvaticus",12,1,"700","6/21/24"
"411",411,26113,"6/24/24","RM","700:Holiday",6,"Mix1",8,NA,"Gilia capitata",2,12,"700","6/21/24"
"412",412,26116,"6/24/24","RM","700:Holiday",6,"Mix1",8,NA,"Clarkia purpurea",1,2,"700","6/21/24"
"413",413,26117,"6/24/24","RM","700:Holiday",6,"Mix1",12,NA,"Clarkia purpurea",1,2,"700","6/21/24"
"414",414,26118,"6/24/24","RM","700:Holiday",6,"Mix1",12,NA,"Gilia capitata",4,10,"700","6/21/24"
"415",415,26123,"6/24/24","RM","700:Holiday",6,"Mix2",0,NA,"Collomia grandiflora",6,20,"700","6/21/24"
"416",416,26126,"6/24/24","RM","700:Holiday",6,"Mix2",0,NA,"Collinsia grandiflora",4,12,"700","6/21/24"
"417",417,26128,"6/24/24","RM","700:Holiday",6,"Mix2",0,NA,"Senecio sylvaticus",15,1,"700","6/21/24"
"418",418,26132,"6/24/24","RM","700:Holiday",6,"Mix2",4,NA,"Collomia heterophylla",13,8,"700","6/21/24"
"419",419,26136,"6/24/24","RM","700:Holiday",6,"Mix2",4,NA,"Collinsia grandiflora",11,8,"700","6/21/24"
"420",420,26139,"6/24/24","RM","700:Holiday",6,"Mix2",8,NA,"Collomia grandiflora",17,6,"700","6/21/24"
"421",421,26140,"6/24/24","RM","700:Holiday",6,"Mix2",8,NA,"Senecio sylvaticus",7,4,"700","6/21/24"
"422",422,26143,"6/24/24","RM","700:Holiday",6,"Mix2",8,NA,"Collinsia grandiflora",5,4,"700","6/21/24"
"423",423,26144,"6/24/24","RM","700:Holiday",6,"Mix2",8,NA,"Phlox gracilis",6,1,"700","6/21/24"
"424",424,26145,"6/24/24","RM","700:Holiday",6,"Mix2",12,NA,"Collomia grandiflora",11,10,"700","6/21/24"
"425",425,26146,"6/24/24","RM","700:Holiday",6,"Mix3",0,NA,"Collomia grandiflora",2,5,"700","6/21/24"
"426",426,26148,"6/24/24","RM","700:Holiday",6,"Mix3",0,NA,"Gilia capitata",1,5,"700","6/21/24"
"427",427,26149,"6/24/24","RM","700:Holiday",6,"Mix3",0,NA,"Collinsia grandiflora",3,5,"700","6/21/24"
"428",428,26150,"6/24/24","RM","700:Holiday",6,"Mix3",4,NA,"Collinsia grandiflora",3,3,"700","6/21/24"
"429",429,26152,"6/24/24","RM","700:Holiday",6,"Mix3",4,NA,"Collomia grandiflora",0.5,6,"700","6/21/24"
"430",430,26153,"6/24/24","RM","700:Holiday",6,"Mix3",4,NA,"Gilia capitata",1.5,12,"700","6/21/24"
"431",431,26154,"6/24/24","RM","700:Holiday",6,"Mix3",8,NA,"Collinsia grandiflora",5,4,"700","6/21/24"
"432",432,26156,"6/24/24","RM","700:Holiday",6,"Mix3",8,NA,"Gilia capitata",5,7,"700","6/21/24"
"433",433,26157,"6/24/24","RM","700:Holiday",6,"Mix3",8,NA,"Collinsia grandiflora",0.5,6,"700","6/21/24"
"434",434,26159,"6/24/24","RM","700:Holiday",6,"Mix3",12,NA,"Collinsia grandiflora",7,4,"700","6/21/24"
"435",435,26160,"6/24/24","RM","700:Holiday",6,"Mix3",12,NA,"Gilia capitata",2,11,"700","6/21/24"
"436",436,26166,"6/24/24","RM","700:Holiday",6,"Mix4",4,NA,"Clarkia purpurea",1,4,"700","6/21/24"
"437",437,26170,"6/24/24","RM","700:Holiday",6,"Mix4",8,NA,"Clarkia purpurea",1,6,"700","6/21/24"
"438",438,26174,"6/24/24","RM","700:Holiday",6,"Mix4",12,NA,"Clarkia purpurea",0.5,16,"700","6/21/24"
"439",439,26179,"6/24/24","RM","700:Holiday",6,"Mix5",0,NA,"Phacelia heterophylla",2,3,"700","6/21/24"
"440",440,26180,"6/24/24","RM","700:Holiday",6,"Mix5",0,NA,"Clarkia purpurea",1,5,"700","6/21/24"
"441",441,26182,"6/24/24","RM","700:Holiday",6,"Mix5",0,NA,"Collinsia grandiflora",9,5,"700","6/21/24"
"442",442,26186,"6/24/24","RM","700:Holiday",6,"Mix5",4,NA,"Collinsia grandiflora",9,11,"700","6/21/24"
"443",443,26187,"6/24/24","RM","700:Holiday",6,"Mix5",4,NA,"Phacelia heterophylla",10,2,"700","6/21/24"
"444",444,26190,"6/24/24","RM","700:Holiday",6,"Mix5",4,NA,"Collomia grandiflora",10,3,"700","6/21/24"
"445",445,26192,"6/24/24","RM","700:Holiday",6,"Mix5",4,NA,"Senecio sylvaticus",7,5,"700","6/21/24"
"446",446,26194,"6/24/24","RM","700:Holiday",6,"Mix5",4,NA,"Clarkia purpurea",1,4,"700","6/21/24"
"447",447,26197,"6/24/24","RM","700:Holiday",6,"Mix5",8,NA,"Collinsia grandiflora",13,6,"700","6/21/24"
"448",448,26201,"6/24/24","RM","700:Holiday",6,"Mix5",8,NA,"Clarkia purpurea",1.5,14,"700","6/21/24"
"449",449,26203,"6/24/24","RM","700:Holiday",6,"Mix5",8,NA,"Collomia grandiflora",1,4,"700","6/21/24"
"450",450,26204,"6/24/24","RM","700:Holiday",6,"Mix5",8,NA,"Senecio sylvaticus",9,3,"700","6/21/24"
"451",451,26207,"6/24/24","RM","700:Holiday",6,"Mix5",12,NA,"Collinsia grandiflora",20,6,"700","6/21/24"
"452",452,26208,"6/24/24","RM","700:Holiday",6,"Mix5",12,NA,"Collomia grandiflora",9,4,"700","6/21/24"
"453",453,26209,"6/24/24","RM","700:Holiday",6,"Mix5",12,NA,"Clarkia purpurea",7,3,"700","6/21/24"
"454",454,26210,"6/24/24","RM","700:Holiday",6,"Mix5",12,NA,"Senecio sylvaticus",11,5,"700","6/21/24"
"455",455,26212,"6/24/24","RM","700:Holiday",6,"Mix6",0,NA,"Gilia capitata",12,15,"700","6/21/24"
"456",456,26213,"6/24/24","RM","700:Holiday",6,"Mix6",0,NA,"Senecio sylvaticus",10,4,"700","6/21/24"
"457",457,26216,"6/24/24","RM","700:Holiday",6,"Mix6",4,NA,"Gilia capitata",25,9,"700","6/21/24"
"458",458,26218,"6/24/24","RM","700:Holiday",6,"Mix6",8,NA,"Gilia capitata",26,8,"700","6/21/24"
"459",459,26219,"6/24/24","RM","700:Holiday",6,"Mix6",8,NA,"Senecio sylvaticus",23,5,"700","6/21/24"
"460",460,26222,"6/24/24","RM","700:Holiday",6,"Mix6",12,NA,"Gilia capitata",21,7,"700","6/21/24"
"461",461,26223,"6/24/24","RM","700:Holiday",6,"Mix6",12,NA,"Senecio sylvaticus",15,8,"700","6/21/24"
"462",462,26225,"6/24/24","RM","700:Holiday",6,"Mix6",8,NA,"Clarkia purpurea",1,3,"700","6/21/24"
"463",463,26229,"6/24/24","RM","700:Holiday",6,"Mix6",8,NA,"Phacelia heterophylla",19,4,"700","6/21/24"
"464",464,26363,"6/25/24","RM","607:Holiday",6,"Mix4",0,NA,"Clarkia amoena",1.5,6,"","6/24/24"
"465",465,26364,"6/25/24","RM","607:Holiday",6,"Mix4",4,NA,"Clarkia amoena",1,4,"","6/24/24"
"466",466,26365,"6/25/24","RM","607:Holiday",6,"Mix4",8,NA,"Clarkia amoena",3,5,"","6/24/24"
"467",467,26366,"6/25/24","RM","607:Holiday",6,"Mix1",8,NA,"Clarkia amoena",1,7,"","6/24/24"
"468",468,26367,"6/25/24","RM","607:Holiday",6,"Mix1",12,NA,"Clarkia amoena",2,5,"","6/24/24"
"469",469,26368,"6/24/24","RM","700:Holiday",6,"Mix6",0,NA,"Madia gracilis",NA,5,"700","6/24/24"
"470",470,26369,"6/24/24","RM","700:Holiday",6,"Mix6",4,NA,"Madia gracilis",1,6,"700","6/24/24"
"471",471,26370,"6/24/24","RM","700:Holiday",6,"Mix6",8,NA,"Madia gracilis",1,3,"700","6/24/24"
"472",472,26371,"6/24/24","RM","700:Holiday",6,"Mix6",12,NA,"Madia gracilis",2,2,"700","6/24/24"
"473",473,26372,"6/24/24","RM","700:Holiday",6,"Mix3",4,NA,"Madia gracilis",2,3,"700","6/24/24"
"474",474,26373,"6/24/24","RM","700:Holiday",6,"Mix2",0,NA,"Madia gracilis",1,12,"700","6/24/24"
"475",475,26374,"6/24/24","RM","700:Holiday",6,"Mix2",4,NA,"Madia gracilis",1,8,"700","6/24/24"
"476",476,26375,"6/24/24","RM","700:Holiday",6,"Mix2",8,NA,"Madia gracilis",1,9,"700","6/24/24"
"477",477,26376,"6/24/24","RM","700:Holiday",6,"Mix2",12,NA,"Madia gracilis",2,6,"700","6/24/24"
"478",478,26377,"6/25/24","RM","607:Holiday",6,"Mix6",0,NA,"Madia gracilis",1,9,"","6/24/24"
"479",479,26378,"6/25/24","RM","607:Holiday",6,"Mix6",0,NA,"Gilia capitata",3,6,"","6/24/24"
"480",480,26379,"6/25/24","RM","607:Holiday",6,"Mix6",4,NA,"Senecio sylvaticus",30,7,"","6/24/24"
"481",481,26380,"6/25/24","RM","607:Holiday",6,"Mix6",4,NA,"Gilia capitata",6,2,"","6/24/24"
"482",482,26381,"6/25/24","RM","607:Holiday",6,"Mix6",4,NA,"Madia gracilis",1,7,"","6/24/24"
"483",483,26382,"6/25/24","RM","607:Holiday",6,"Mix6",8,NA,"Gilia capitata",2.5,10,"","6/24/24"
"484",484,26383,"6/25/24","RM","607:Holiday",6,"Mix6",8,NA,"Madia gracilis",2,7,"","6/24/24"
"485",485,26384,"6/25/24","RM","607:Holiday",6,"Mix6",8,NA,"Senecio sylvaticus",20,3,"","6/24/24"
"486",486,26386,"6/25/24","RM","607:Holiday",6,"Mix6",12,NA,"Gilia capitata",7,11,"","6/24/24"
"487",487,26387,"6/25/24","RM","607:Holiday",6,"Mix6",12,NA,"Madia gracilis",2,2,"","6/24/24"
"488",488,26388,"6/25/24","RM","607:Holiday",6,"Mix6",12,NA,"Hypochaeris radicata",1,1,"","6/24/24"
"489",489,26389,"6/25/24","RM","607:Holiday",6,"Mix6",12,NA,"Senecio sylvaticus",40,4,"","6/24/24"
"490",490,26395,"6/25/24","RM","607:Holiday",6,"Mix5",0,NA,"Senecio sylvaticus",30,12,"","6/24/24"
"491",491,26397,"6/25/24","RM","607:Holiday",6,"Mix5",0,NA,"Collomia grandiflora",1,7,"","6/24/24"
"492",492,26399,"6/25/24","RM","607:Holiday",6,"Mix5",0,NA,"Collinsia grandiflora",1,5,"","6/24/24"
"493",493,26401,"6/25/24","RM","607:Holiday",6,"Mix5",4,NA,"Collinsia grandiflora",4,6,"","6/24/24"
"494",494,26402,"6/25/24","RM","607:Holiday",6,"Mix5",4,NA,"Senecio sylvaticus",45,7,"","6/24/24"
"495",495,26403,"6/25/24","RM","607:Holiday",6,"Mix5",4,NA,"Collomia grandiflora",4,8,"","6/24/24"
"496",496,26405,"6/25/24","RM","607:Holiday",6,"Mix5",4,NA,"Clarkia purpurea",2,7,"","6/24/24"
"497",497,26406,"6/25/24","RM","607:Holiday",6,"Mix5",4,NA,"Leucanthemum vulgare",15,1,"","6/24/24"
"498",498,26408,"6/25/24","RM","607:Holiday",6,"Mix5",8,NA,"Collinsia grandiflora",3,4,"","6/24/24"
"499",499,26409,"6/25/24","RM","607:Holiday",6,"Mix5",8,NA,"Senecio sylvaticus",50,7,"","6/24/24"
"500",500,26411,"6/25/24","RM","607:Holiday",6,"Mix5",8,NA,"Collomia grandiflora",8,8,"","6/24/24"
"501",501,26413,"6/25/24","RM","607:Holiday",6,"Mix5",8,NA,"Clarkia purpurea",1,7,"","6/24/24"
"502",502,26414,"6/25/24","RM","607:Holiday",6,"Mix5",12,NA,"Collinsia grandiflora",4,3,"","6/24/24"
"503",503,26415,"6/25/24","RM","607:Holiday",6,"Mix5",12,NA,"Senecio sylvaticus",60,4,"","6/24/24"
"504",504,26417,"6/25/24","RM","607:Holiday",6,"Mix5",12,NA,"Collomia grandiflora",11,6,"","6/24/24"
"505",505,26418,"6/25/24","RM","607:Holiday",6,"Mix5",12,NA,"Clarkia purpurea",5,2,"","6/24/24"
"506",506,26422,"6/25/24","RM","607:Holiday",6,"Mix4",0,NA,"Madia gracilis",1,12,"","6/24/24"
"507",507,26423,"6/25/24","RM","607:Holiday",6,"Mix4",0,NA,"Senecio sylvaticus",30,3,"","6/24/24"
"508",508,26424,"6/25/24","RM","607:Holiday",6,"Mix4",4,NA,"Senecio sylvaticus",40,2,"","6/24/24"
"509",509,26426,"6/25/24","RM","607:Holiday",6,"Mix4",4,NA,"Madia gracilis",0.5,8,"","6/24/24"
"510",510,26439,"6/25/24","RM","607:Holiday",6,"Mix4",8,NA,"Leucanthemum vulgare",8,1,"","6/24/24"
"511",511,26442,"6/25/24","RM","607:Holiday",6,"Mix4",8,NA,"Crepis setosa",1,1,"setosa","6/24/24"
"512",512,26443,"6/25/24","RM","607:Holiday",6,"Mix4",12,NA,"Crepis capillaris",7,1,"","6/24/24"
"513",513,26446,"6/25/24","RM","607:Holiday",6,"Mix4",12,NA,"Senecio sylvaticus",95,1,"","6/24/24"
"514",514,26452,"6/25/24","RM","607:Holiday",6,"Mix3",0,NA,"Collomia grandiflora",2.5,10,"","6/24/24"
"515",515,26453,"6/25/24","RM","607:Holiday",6,"Mix3",0,NA,"Collomia heterophylla",21,1,"","6/24/24"
"516",516,26455,"6/25/24","RM","607:Holiday",6,"Mix3",0,NA,"Gilia capitata",3,5,"","6/24/24"
"517",517,26456,"6/25/24","RM","607:Holiday",6,"Mix3",0,NA,"Senecio sylvaticus",40,1,"","6/24/24"
"518",518,26457,"6/25/24","RM","607:Holiday",6,"Mix3",4,NA,"Collomia grandiflora",4,1,"","6/24/24"
"519",519,26458,"6/25/24","RM","607:Holiday",6,"Mix3",4,NA,"Senecio sylvaticus",35,2,"","6/24/24"
"520",520,26460,"6/25/24","RM","607:Holiday",6,"Mix3",4,NA,"Gilia capitata",11,1,"","6/24/24"
"521",521,26463,"6/25/24","RM","607:Holiday",6,"Mix3",8,NA,"Gilia capitata",4,8,"","6/24/24"
"522",522,26464,"6/25/24","RM","607:Holiday",6,"Mix3",8,NA,"Collomia grandiflora",1,10,"","6/24/24"
"523",523,26468,"6/25/24","RM","607:Holiday",6,"Mix3",8,NA,"Clarkia amoena",1,1,"","6/24/24"
"524",524,26469,"6/25/24","RM","607:Holiday",6,"Mix3",12,NA,"Clarkia amoena",1,1,"","6/24/24"
"525",525,26474,"6/25/24","RM","607:Holiday",6,"Mix3",12,NA,"Collomia grandiflora",10,8,"","6/24/24"
"526",526,26476,"6/25/24","RM","607:Holiday",6,"Mix3",12,NA,"Gilia capitata",2,5,"","6/24/24"
"527",527,26482,"6/25/24","RM","607:Holiday",6,"Mix2",0,NA,"Collomia grandiflora",3,8,"","6/24/24"
"528",528,26484,"6/25/24","RM","607:Holiday",6,"Mix2",0,NA,"Madia gracilis",1,3,"","6/24/24"
"529",529,26485,"6/25/24","RM","607:Holiday",6,"Mix2",4,NA,"Madia gracilis",2,2,"","6/24/24"
"530",530,26487,"6/25/24","RM","607:Holiday",6,"Mix2",4,NA,"Collomia grandiflora",7,5,"","6/24/24"
"531",531,26489,"6/25/24","RM","607:Holiday",6,"Mix2",8,NA,"Madia gracilis",1,7,"","6/24/24"
"532",532,26490,"6/25/24","RM","607:Holiday",6,"Mix2",8,NA,"Senecio sylvaticus",30,6,"","6/24/24"
"533",533,26491,"6/25/24","RM","607:Holiday",6,"Mix2",8,NA,"Collomia grandiflora",5,6,"","6/24/24"
"534",534,26493,"6/25/24","RM","607:Holiday",6,"Mix2",12,NA,"Madia gracilis",1,3,"","6/24/24"
"535",535,26494,"6/25/24","RM","607:Holiday",6,"Mix2",12,NA,"Collomia grandiflora",7,4,"","6/24/24"
"536",536,26495,"6/25/24","RM","607:Holiday",6,"Mix2",12,NA,"Collinsia grandiflora",1,4,"","6/24/24"
"537",537,26502,"6/25/24","RM","607:Holiday",6,"Mix1",0,NA,"Gilia capitata",10,13,"","6/24/24"
"538",538,26503,"6/25/24","RM","607:Holiday",6,"Mix1",0,NA,"Senecio sylvaticus",30,1,"","6/24/24"
"539",539,26506,"6/25/24","RM","607:Holiday",6,"Mix1",4,NA,"Senecio sylvaticus",60,7,"","6/24/24"
"540",540,26508,"6/25/24","RM","607:Holiday",6,"Mix1",4,NA,"Gilia capitata",7,11,"","6/24/24"
"541",541,26513,"6/25/24","RM","607:Holiday",6,"Mix1",4,NA,"Epilobium brachycarpum",2,1,"","6/24/24"
"542",542,26515,"6/25/24","RM","607:Holiday",6,"Mix1",8,NA,"Senecio sylvaticus",16,4,"","6/24/24"
"543",543,26519,"6/25/24","RM","607:Holiday",6,"Mix1",12,NA,"Gilia capitata",9,11,"","6/24/24"
"544",544,26827,"6/25/24","RM","607:Holiday",6,"Mix4",8,NA,"Clarkia purpurea",0.5,6,"","6/25/24"
"545",545,26899,"6/25/24","RM","611:Holiday",6,"Mix1",0,NA,"Gilia capitata",1,6,"","6/25/24"
"546",546,26900,"6/25/24","RM","611:Holiday",6,"Mix1",0,NA,"Collomia heterophylla",3,2,"","6/25/24"
"547",547,26901,"6/25/24","RM","611:Holiday",6,"Mix1",0,NA,"Clarkia purpurea",0.25,4,"","6/25/24"
"548",548,26902,"6/25/24","RM","611:Holiday",6,"Mix1",8,NA,"Clarkia amoena",0.5,8,"","6/25/24"
"549",549,26903,"6/25/24","RM","611:Holiday",6,"Mix1",8,NA,"Gilia capitata",1.5,6,"","6/25/24"
"550",550,26904,"6/25/24","RM","611:Holiday",6,"Mix1",8,NA,"Clarkia purpurea",0.5,6,"","6/25/24"
"551",551,26905,"6/25/24","RM","611:Holiday",6,"Mix1",4,NA,"Clarkia purpurea",0.5,10,"","6/25/24"
"552",552,26906,"6/25/24","BD","611:Holiday",6,"Mix6",0,NA,"Crepis setosa",1,3,"BD setosa","6/25/24"
"553",553,26907,"6/25/24","RM","611:Holiday",6,"Mix1",12,NA,"Leucanthemum vulgare",6,1,"","6/25/24"
"554",554,26909,"6/25/24","RM","611:Holiday",6,"Mix1",12,NA,"Senecio sylvaticus",15,4,"","6/25/24"
"555",555,26910,"6/25/24","BD","611:Holiday",6,"Mix6",0,NA,"Gilia capitata",1.5,2,"BD","6/25/24"
"556",556,26911,"6/25/24","RM","611:Holiday",6,"Mix1",12,NA,"Clarkia purpurea",1,3,"","6/25/24"
"557",557,26912,"6/25/24","RM","611:Holiday",6,"Mix1",12,NA,"Collomia heterophylla",5,3,"","6/25/24"
"558",558,26913,"6/25/24","RM","611:Holiday",6,"Mix1",12,NA,"Gilia capitata",1,4,"","6/25/24"
"559",559,26914,"6/25/24","BD","611:Holiday",6,"Mix6",0,NA,"Senecio sylvaticus",25,4,"BD","6/25/24"
"560",560,26916,"6/25/24","RM","611:Holiday",6,"Mix2",0,NA,"Senecio sylvaticus",15,4,"","6/25/24"
"561",561,26917,"6/25/24","RM","611:Holiday",6,"Mix2",0,NA,"Collomia heterophylla",4,2,"","6/25/24"
"562",562,26918,"6/25/24","BD","611:Holiday",6,"Mix6",4,NA,"Senecio sylvaticus",50,4,"BD","6/25/24"
"563",563,26919,"6/25/24","RM","611:Holiday",6,"Mix2",4,NA,"Collomia heterophylla",9,5,"","6/25/24"
"564",564,26920,"6/25/24","RM","611:Holiday",6,"Mix2",4,NA,"Senecio sylvaticus",30,1,"","6/25/24"
"565",565,26921,"6/25/24","BD","611:Holiday",6,"Mix6",4,NA,"Crepis setosa",1,1,"BD setosa","6/25/24"
"566",566,26922,"6/25/24","BD","611:Holiday",6,"Mix6",4,NA,"Gilia capitata",1,3,"BD","6/25/24"
"567",567,26923,"6/25/24","RM","611:Holiday",6,"Mix2",8,NA,"Collomia grandiflora",5,1,"","6/25/24"
"568",568,26925,"6/25/24","BD","611:Holiday",6,"Mix6",8,NA,"Leucanthemum vulgare",8,1,"BD","6/25/24"
"569",569,26926,"6/25/24","RM","611:Holiday",6,"Mix3",4,NA,"Gilia capitata",4,4,"","6/25/24"
"570",570,26928,"6/25/24","RM","611:Holiday",6,"Mix3",4,NA,"Collomia heterophylla",2,1,"","6/25/24"
"571",571,26929,"6/25/24","BD","611:Holiday",6,"Mix6",8,NA,"Gilia capitata",1,4,"BD","6/25/24"
"572",572,26930,"6/25/24","RM","611:Holiday",6,"Mix3",4,NA,"Collomia grandiflora",2,7,"","6/25/24"
"573",573,26931,"6/25/24","BD","611:Holiday",6,"Mix6",12,NA,"Clarkia amoena",1,1,"BD","6/25/24"
"574",574,26932,"6/25/24","RM","611:Holiday",6,"Mix3",8,NA,"Leucanthemum vulgare",2,2,"","6/25/24"
"575",575,26933,"6/25/24","RM","611:Holiday",6,"Mix3",8,NA,"Gilia capitata",1,9,"","6/25/24"
"576",576,26934,"6/25/24","BD","611:Holiday",6,"Mix6",12,NA,"Gilia capitata",2,3,"BD","6/25/24"
"577",577,26935,"6/25/24","RM","611:Holiday",6,"Mix3",8,NA,"Crepis setosa",3,1,"setosa","6/25/24"
"578",578,26936,"6/25/24","BD","611:Holiday",6,"Mix6",12,NA,"Senecio sylvaticus",5,1,"BD","6/25/24"
"579",579,26937,"6/25/24","RM","611:Holiday",6,"Mix3",12,NA,"Clarkia amoena",1,5,"","6/25/24"
"580",580,26938,"6/25/24","RM","611:Holiday",6,"Mix3",12,NA,"Collomia grandiflora",5,6,"","6/25/24"
"581",581,26939,"6/25/24","RM","611:Holiday",6,"Mix3",12,NA,"Gilia capitata",1.5,8,"","6/25/24"
"582",582,26940,"6/25/24","RM","611:Holiday",6,"Mix3",12,NA,"Phacelia heterophylla",20,2,"","6/25/24"
"583",583,26941,"6/25/24","RM","611:Holiday",6,"Mix3",12,NA,"Senecio sylvaticus",20,1,"","6/25/24"
"584",584,26943,"6/25/24","RM","611:Holiday",6,"Mix4",0,NA,"Clarkia purpurea",0.25,8,"","6/25/24"
"585",585,26945,"6/25/24","RM","611:Holiday",6,"Mix4",0,NA,"Clarkia amoena",0.5,16,"","6/25/24"
"586",586,26946,"6/25/24","RM","611:Holiday",6,"Mix4",8,NA,"Hypochaeris radicata",2,2,"","6/25/24"
"587",587,26947,"6/25/24","RM","611:Holiday",6,"Mix4",12,NA,"Hypochaeris radicata",1,1,"","6/25/24"
"588",588,26948,"6/25/24","RM","611:Holiday",6,"Mix5",0,NA,"Collomia heterophylla",4,1,"","6/25/24"
"589",589,26949,"6/25/24","RM","611:Holiday",6,"Mix5",4,NA,"Collinsia grandiflora",2,1,"","6/25/24"
"590",590,26950,"6/25/24","RM","611:Holiday",6,"Mix5",8,NA,"Clarkia purpurea",1,2,"","6/25/24"
"591",591,26952,"6/25/24","RM","611:Holiday",6,"Mix5",8,NA,"Collomia grandiflora",1,13,"","6/25/24"
"592",592,26953,"6/25/24","RM","611:Holiday",6,"Mix5",12,NA,"Collinsia grandiflora",2,1,"","6/25/24"
"593",593,27070,"6/26/24","RM","702:Holiday",6,"Mix1",0,NA,"Gilia capitata",6,23,"702","6/26/24"
"594",594,27077,"6/26/24","RM","702:Holiday",6,"Mix1",0,NA,"Clarkia purpurea",1,17,"702","6/26/24"
"595",595,27080,"6/26/24","RM","702:Holiday",6,"Mix1",0,NA,"Clarkia amoena",2,6,"702","6/26/24"
"596",596,27082,"6/26/24","RM","702:Holiday",6,"Mix1",0,NA,"Phacelia heterophylla",8,1,"702","6/26/24"
"597",597,27083,"6/26/24","RM","702:Holiday",6,"Mix1",4,NA,"Gilia capitata",4,16,"702","6/26/24"
"598",598,27084,"6/26/24","RM","702:Holiday",6,"Mix1",4,NA,"Clarkia purpurea",1,10,"702","6/26/24"
"599",599,27085,"6/26/24","RM","702:Holiday",6,"Mix1",4,NA,"Clarkia amoena",1,5,"702","6/26/24"
"600",600,27086,"6/26/24","RM","702:Holiday",6,"Mix1",8,NA,"Gilia capitata",6,28,"702","6/26/24"
"601",601,27087,"6/26/24","RM","702:Holiday",6,"Mix1",8,NA,"Clarkia purpurea",2,9,"702","6/26/24"
"602",602,27088,"6/26/24","RM","702:Holiday",6,"Mix1",8,NA,"Clarkia amoena",0.5,8,"702","6/26/24"
"603",603,27089,"6/26/24","RM","702:Holiday",6,"Mix1",12,NA,"Gilia capitata",5,17,"702","6/26/24"
"604",604,27090,"6/26/24","RM","702:Holiday",6,"Mix1",12,NA,"Clarkia purpurea",1,16,"702","6/26/24"
"605",605,27091,"6/26/24","RM","702:Holiday",6,"Mix2",0,NA,"Madia gracilis",9,7,"702","6/26/24"
"606",606,27092,"6/26/24","RM","702:Holiday",6,"Mix2",0,NA,"Collinsia grandiflora",7,9,"702","6/26/24"
"607",607,27093,"6/26/24","RM","702:Holiday",6,"Mix2",0,NA,"Collomia grandiflora",18,7,"702","6/26/24"
"608",608,27094,"6/26/24","RM","702:Holiday",6,"Mix2",0,NA,"Prunella vulgaris",12,1,"702","6/26/24"
"609",609,27096,"6/26/24","RM","702:Holiday",6,"Mix2",4,NA,"Prunella vulgaris",2,12,"702","6/26/24"
"610",610,27098,"6/26/24","RM","702:Holiday",6,"Mix2",4,NA,"Collomia grandiflora",70,9,"702","6/26/24"
"611",611,27100,"6/26/24","RM","702:Holiday",6,"Mix2",4,NA,"Collinsia grandiflora",11,9,"702","6/26/24"
"612",612,27101,"6/26/24","RM","702:Holiday",6,"Mix2",8,NA,"Collomia grandiflora",25,7,"702","6/26/24"
"613",613,27103,"6/26/24","RM","702:Holiday",6,"Mix2",8,NA,"Madia gracilis",4,12,"702","6/26/24"
"614",614,27104,"6/26/24","RM","702:Holiday",6,"Mix2",8,NA,"Collinsia grandiflora",3,8,"702","6/26/24"
"615",615,27106,"6/26/24","RM","702:Holiday",6,"Mix2",12,NA,"Madia gracilis",5,15,"702","6/26/24"
"616",616,27108,"6/26/24","RM","702:Holiday",6,"Mix2",12,NA,"Collomia grandiflora",7,8,"702","6/26/24"
"617",617,27111,"6/26/24","RM","702:Holiday",6,"Mix6",0,NA,"Gilia capitata",4,25,"702","6/26/24"
"618",618,27112,"6/26/24","RM","702:Holiday",6,"Mix6",0,NA,"Madia gracilis",2,21,"702","6/26/24"
"619",619,27113,"6/26/24","RM","702:Holiday",6,"Mix6",4,NA,"Madia gracilis",4,9,"702","6/26/24"
"620",620,27115,"6/26/24","RM","702:Holiday",6,"Mix6",4,NA,"Gilia capitata",5,15,"702","6/26/24"
"621",621,27116,"6/26/24","RM","702:Holiday",6,"Mix6",8,NA,"Madia gracilis",3,15,"702","6/26/24"
"622",622,27117,"6/26/24","RM","702:Holiday",6,"Mix6",8,NA,"Gilia capitata",6,26,"702","6/26/24"
"623",623,27118,"6/26/24","RM","702:Holiday",6,"Mix6",8,NA,"Phacelia heterophylla",12,1,"702","6/26/24"
"624",624,27119,"6/26/24","RM","702:Holiday",6,"Mix6",12,NA,"Madia gracilis",4,7,"702","6/26/24"
"625",625,27120,"6/26/24","RM","702:Holiday",6,"Mix6",12,NA,"Gilia capitata",7,12,"702","6/26/24"
"626",626,27121,"6/26/24","RM","702:Holiday",6,"Mix6",12,NA,"Crepis capillaris",19,1,"702","6/26/24"
"627",627,27122,"6/26/24","RM","702:Holiday",6,"Mix3",0,NA,"Collomia grandiflora",21,4,"702","6/26/24"
"628",628,27124,"6/26/24","RM","702:Holiday",6,"Mix3",0,NA,"Gilia capitata",6,9,"702","6/26/24"
"629",629,27125,"6/26/24","RM","702:Holiday",6,"Mix3",0,NA,"Collinsia grandiflora",4,5,"702","6/26/24"
"630",630,27126,"6/26/24","RM","702:Holiday",6,"Mix3",4,NA,"Collinsia grandiflora",9,7,"702","6/26/24"
"631",631,27128,"6/26/24","RM","702:Holiday",6,"Mix3",4,NA,"Gilia capitata",7,11,"702","6/26/24"
"632",632,27130,"6/26/24","RM","702:Holiday",6,"Mix3",4,NA,"Collomia grandiflora",7,5,"702","6/26/24"
"633",633,27132,"6/26/24","RM","702:Holiday",6,"Mix3",8,NA,"Collinsia grandiflora",4,4,"702","6/26/24"
"634",634,27133,"6/26/24","RM","702:Holiday",6,"Mix3",8,NA,"Gilia capitata",2,23,"702","6/26/24"
"635",635,27134,"6/26/24","RM","702:Holiday",6,"Mix3",8,NA,"Collomia grandiflora",12,7,"702","6/26/24"
"636",636,27136,"6/26/24","RM","702:Holiday",6,"Mix3",12,NA,"Collinsia grandiflora",3,4,"702","6/26/24"
"637",637,27137,"6/26/24","RM","702:Holiday",6,"Mix3",12,NA,"Gilia capitata",5,10,"702","6/26/24"
"638",638,27138,"6/26/24","RM","702:Holiday",6,"Mix3",12,NA,"Collomia grandiflora",20,5,"702","6/26/24"
"639",639,27141,"6/26/24","RM","702:Holiday",6,"Mix5",0,NA,"Collinsia grandiflora",3,11,"702","6/26/24"
"640",640,27142,"6/26/24","RM","702:Holiday",6,"Mix5",0,NA,"Collomia grandiflora",15,8,"702","6/26/24"
"641",641,27143,"6/26/24","RM","702:Holiday",6,"Mix5",0,NA,"Clarkia purpurea",3,12,"702","6/26/24"
"642",642,27145,"6/26/24","RM","702:Holiday",6,"Mix5",4,NA,"Clarkia purpurea",4,16,"702","6/26/24"
"643",643,27147,"6/26/24","RM","702:Holiday",6,"Mix5",4,NA,"Collomia grandiflora",5,4,"702","6/26/24"
"644",644,27148,"6/26/24","RM","702:Holiday",6,"Mix5",4,NA,"Collinsia grandiflora",1,15,"702","6/26/24"
"645",645,27149,"6/26/24","RM","702:Holiday",6,"Mix5",4,NA,"Phacelia heterophylla",4,1,"702","6/26/24"
"646",646,27150,"6/26/24","RM","702:Holiday",6,"Mix5",12,NA,"Clarkia purpurea",1,8,"702","6/26/24"
"647",647,27151,"6/26/24","RM","702:Holiday",6,"Mix5",12,NA,"Gilia capitata",6,1,"702","6/26/24"
"648",648,27152,"6/26/24","RM","702:Holiday",6,"Mix5",12,NA,"Collomia grandiflora",8,2,"702","6/26/24"
"649",649,27153,"6/26/24","RM","702:Holiday",6,"Mix5",12,NA,"Collinsia grandiflora",4,24,"702","6/26/24"
"650",650,27154,"6/26/24","RM","702:Holiday",6,"Mix5",8,NA,"Clarkia purpurea",4,5,"702","6/26/24"
"651",651,27155,"6/26/24","RM","702:Holiday",6,"Mix5",8,NA,"Collinsia grandiflora",30,8,"702","6/26/24"
"652",652,27156,"6/26/24","RM","702:Holiday",6,"Mix5",8,NA,"Collomia grandiflora",5,4,"702","6/26/24"
"653",653,27157,"6/26/24","RM","702:Holiday",6,"Mix4",0,NA,"Madia gracilis",4,9,"702","6/26/24"
"654",654,27158,"6/26/24","RM","702:Holiday",6,"Mix4",0,NA,"Clarkia purpurea",4,6,"702","6/26/24"
"655",655,27159,"6/26/24","RM","702:Holiday",6,"Mix4",8,NA,"Clarkia purpurea",3,12,"702","6/26/24"
"656",656,27160,"6/26/24","RM","702:Holiday",6,"Mix4",12,NA,"Clarkia purpurea",2,5,"702","6/26/24"
"657",657,27161,"6/26/24","RM","702:Holiday",6,"Mix4",4,NA,"Clarkia purpurea",2,5,"702","6/26/24"
"658",658,27162,"6/26/24","RM","702:Holiday",6,"Mix4",0,NA,"Clarkia amoena",0.5,18,"702","6/26/24"
"659",659,27163,"6/26/24","RM","702:Holiday",6,"Mix4",0,NA,"Clarkia amoena",10,8,"702","6/26/24"
"660",660,27164,"6/26/24","RM","702:Holiday",6,"Mix4",12,NA,"Clarkia amoena",5,9,"702","6/26/24"
"661",661,27165,"6/26/24","RM","702:Holiday",6,"Mix4",8,NA,"Clarkia amoena",2,16,"702","6/26/24"
"662",662,27167,"6/26/24","RM","702:Holiday",6,"Mix4",8,NA,"Madia gracilis",1,11,"702","6/26/24"
"663",663,27168,"6/26/24","RM","702:Holiday",6,"Mix4",12,NA,"Madia gracilis",2,7,"702","6/26/24"
"664",664,27688,"7/1/24","BD","605:Holiday",6,"Mix5",0,NA,"Crepis setosa",2,5,"BD setosa","7/1/24"
"665",665,27690,"7/1/24","BD","605:Holiday",6,"Mix5",0,NA,"Collomia grandiflora",1,1,"BD","7/1/24"
"666",666,27700,"7/1/24","BD","605:Holiday",6,"Mix5",0,NA,"Epilobium brachycarpum",1,1,"BD","7/1/24"
"667",667,27703,"7/1/24","BD","605:Holiday",6,"Mix5",0,NA,"Senecio sylvaticus",60,3,"BD","7/1/24"
"668",668,27705,"7/1/24","BD","605:Holiday",6,"Mix5",4,NA,"Epilobium brachycarpum",1,6,"BD","7/1/24"
"669",669,27707,"7/1/24","BD","605:Holiday",6,"Mix4",0,NA,"Senecio sylvaticus",35,1,"BD","7/1/24"
"670",670,27708,"7/1/24","BD","605:Holiday",6,"Mix4",0,NA,"Madia gracilis",1,4,"BD","7/1/24"
"671",671,27710,"7/1/24","BD","605:Holiday",6,"Mix4",0,NA,"Clarkia amoena",0.66,3,"BD","7/1/24"
"672",672,27711,"7/1/24","BD","605:Holiday",6,"Mix4",4,NA,"Madia gracilis",2,16,"BD","7/1/24"
"673",673,27713,"7/1/24","BD","605:Holiday",6,"Mix4",4,NA,"Clarkia amoena",1.6,3,"BD","7/1/24"
"674",674,27722,"7/1/24","BD","605:Holiday",6,"Mix4",4,NA,"Clarkia purpurea",6,1,"BD","7/1/24"
"675",675,27723,"7/1/24","BD","605:Holiday",6,"Mix4",8,NA,"Crepis setosa",6,1,"BD setosa","7/1/24"
"676",676,27724,"7/1/24","BD","605:Holiday",6,"Mix2",0,NA,"Madia gracilis",12,1,"BD","7/1/24"
"677",677,27725,"7/1/24","BD","605:Holiday",6,"Mix2",4,NA,"Madia gracilis",12,5,"BD","7/1/24"
"678",678,27726,"7/1/24","BD","605:Holiday",6,"Mix2",4,NA,"Senecio sylvaticus",136,1,"BD","7/1/24"
"679",679,27727,"7/1/24","BD","605:Holiday",6,"Mix3",0,NA,"Cirsium vulgaris",0.3,9,"BD","7/1/24"
"680",680,27728,"7/1/24","BD","605:Holiday",6,"Mix3",0,NA,"Senecio sylvaticus",75,2,"BD","7/1/24"
"681",681,27729,"7/1/24","BD","605:Holiday",6,"Mix3",12,NA,"Cirsium vulgaris",5,1,"BD","7/1/24"
"682",682,27730,"7/1/24","BD","605:Holiday",6,"Mix3",4,NA,"Clarkia amoena",0.5,12,"BD","7/1/24"
"683",683,27731,"7/1/24","BD","605:Holiday",6,"Mix3",4,NA,"Gilia capitata",3,4,"BD","7/1/24"
"684",684,27732,"7/1/24","BD","605:Holiday",6,"Mix3",4,NA,"Crepis setosa",2,5,"BD setosa","7/1/24"
"685",685,27733,"7/1/24","BD","605:Holiday",6,"Mix3",4,NA,"Senecio sylvaticus",100,2,"BD","7/1/24"
"686",686,27734,"7/1/24","BD","605:Holiday",6,"Mix3",8,NA,"Gilia capitata",3,5,"BD","7/1/24"
"687",687,27735,"7/1/24","BD","605:Holiday",6,"Mix3",8,NA,"Clarkia amoena",2,1,"BD","7/1/24"
"688",688,27736,"7/1/24","BD","605:Holiday",6,"Mix3",8,NA,"Collomia grandiflora",1,2,"BD","7/1/24"
"689",689,27737,"7/1/24","BD","605:Holiday",6,"Mix3",8,NA,"Hypochaeris radicata",1,1,"BD","7/1/24"
"690",690,27738,"7/1/24","BD","605:Holiday",6,"Mix6",0,NA,"Crepis setosa",10,2,"BD setosa","7/1/24"
"691",691,27739,"7/1/24","BD","605:Holiday",6,"Mix6",4,NA,"Crepis setosa",6,1,"BD setosa","7/1/24"
"692",692,27740,"7/1/24","BD","605:Holiday",6,"Mix6",12,NA,"Gilia capitata",7,3,"BD","7/1/24"
"693",693,27741,"7/1/24","BD","605:Holiday",6,"Mix6",12,NA,"Madia gracilis",20,5,"BD","7/1/24"
"694",694,27742,"7/1/24","BD","605:Holiday",6,"Mix1",0,NA,"Gilia capitata",7,7,"BD","7/1/24"
"695",695,27743,"7/1/24","BD","605:Holiday",6,"Mix1",0,NA,"Phacelia heterophylla",30,1,"BD","7/1/24"
"696",696,27744,"7/1/24","BD","605:Holiday",6,"Mix1",4,NA,"Gilia capitata",5,7,"BD","7/1/24"
"697",697,27745,"7/1/24","BD","605:Holiday",6,"Mix1",4,NA,"Clarkia amoena",1.5,2,"BD","7/1/24"
"698",698,27746,"7/1/24","BD","605:Holiday",6,"Mix1",8,NA,"Gilia capitata",20,3,"BD","7/1/24"
"699",699,27747,"7/1/24","BD","605:Holiday",6,"Mix1",8,NA,"Crepis setosa",12,1,"BD setosa","7/1/24"
"700",700,27748,"7/1/24","BD","605:Holiday",6,"Mix1",12,NA,"Gilia capitata",15,4,"BD","7/1/24"
"701",701,27749,"7/1/24","BD","605:Holiday",6,"Mix1",12,NA,"Crepis setosa",10,9,"BD setosa","7/1/24"
"702",702,27882,"7/2/24","BD","704:Holiday",6,"Mix5",0,NA,"Collomia grandiflora",1,14,"BD 704","7/2/24"
"703",703,27884,"7/2/24","BD","704:Holiday",6,"Mix5",12,NA,"Collomia heterophylla",7,7,"BD 704","7/2/24"
"704",704,27885,"7/2/24","BD","704:Holiday",6,"Mix5",12,NA,"Phacelia heterophylla",9,2,"BD 704","7/2/24"
"705",705,27886,"7/2/24","BD","704:Holiday",6,"Mix5",4,NA,"Collomia grandiflora",0.5,24,"BD 704","7/2/24"
"706",706,27887,"7/2/24","BD","704:Holiday",6,"Mix5",4,NA,"Clarkia purpurea",2,3,"BD 704","7/2/24"
"707",707,27888,"7/2/24","BD","704:Holiday",6,"Mix5",4,NA,"Collinsia grandiflora",1.5,4,"BD 704","7/2/24"
"708",708,27889,"7/2/24","BD","704:Holiday",6,"Mix5",8,NA,"Collomia grandiflora",0.8,14,"BD 704","7/2/24"
"709",709,27890,"7/2/24","BD","704:Holiday",6,"Mix5",8,NA,"Clarkia purpurea",0.5,2,"BD 704","7/2/24"
"710",710,27892,"7/2/24","BD","704:Holiday",6,"Mix4",0,NA,"Madia gracilis",0.8,15,"BD 704","7/2/24"
"711",711,27893,"7/2/24","BD","704:Holiday",6,"Mix4",0,NA,"Clarkia purpurea",1,2,"BD 704","7/2/24"
"712",712,27894,"7/2/24","BD","704:Holiday",6,"Mix4",4,NA,"Madia gracilis",3,10,"BD 704","7/2/24"
"713",713,27895,"7/2/24","BD","704:Holiday",6,"Mix4",8,NA,"Madia gracilis",2.2,15,"BD 704","7/2/24"
"714",714,27896,"7/2/24","BD","704:Holiday",6,"Mix4",12,NA,"Madia gracilis",1.75,20,"BD 704","7/2/24"
"715",715,27897,"7/2/24","BD","704:Holiday",6,"Mix4",12,NA,"Clarkia purpurea",1,2,"BD 704","7/2/24"
"716",716,27898,"7/2/24","BD","704:Holiday",6,"Mix1",0,NA,"Gilia capitata",0.72,11,"BD 704","7/2/24"
"717",717,27899,"7/2/24","BD","704:Holiday",6,"Mix1",0,NA,"Clarkia purpurea",2,2,"BD 704","7/2/24"
"718",718,27900,"7/2/24","BD","704:Holiday",6,"Mix1",12,NA,"Gilia capitata",1.3,8,"BD 704","7/2/24"
"719",719,27901,"7/2/24","BD","704:Holiday",6,"Mix1",4,NA,"Gilia capitata",13,2,"BD 704","7/2/24"
"720",720,27902,"7/2/24","BD","704:Holiday",6,"Mix1",8,NA,"Gilia capitata",3,4,"BD 704","7/2/24"
"721",721,27903,"7/2/24","BD","704:Holiday",6,"Mix2",0,NA,"Madia gracilis",3,10,"BD 704","7/2/24"
"722",722,27904,"7/2/24","BD","704:Holiday",6,"Mix2",0,NA,"Collomia grandiflora",1,13,"BD 704","7/2/24"
"723",723,27905,"7/2/24","BD","704:Holiday",6,"Mix2",12,NA,"Madia gracilis",5,9,"BD 704","7/2/24"
"724",724,27906,"7/2/24","BD","704:Holiday",6,"Mix2",12,NA,"Collomia grandiflora",0.4,10,"BD 704","7/2/24"
"725",725,27907,"7/2/24","BD","704:Holiday",6,"Mix2",12,NA,"Collinsia grandiflora",0.2,5,"BD 704","7/2/24"
"726",726,27908,"7/2/24","BD","704:Holiday",6,"Mix2",4,NA,"Madia gracilis",2,15,"BD 704","7/2/24"
"727",727,27909,"7/2/24","BD","704:Holiday",6,"Mix2",4,NA,"Collomia grandiflora",1.3,17,"BD 704","7/2/24"
"728",728,27911,"7/2/24","BD","704:Holiday",6,"Mix2",8,NA,"Madia gracilis",1.47,17,"BD 704","7/2/24"
"729",729,27913,"7/2/24","BD","704:Holiday",6,"Mix2",8,NA,"Collomia grandiflora",2,13,"BD 704","7/2/24"
"730",730,27914,"7/2/24","BD","704:Holiday",6,"Mix2",8,NA,"Collinsia grandiflora",1,2,"BD 704","7/2/24"
"731",731,27915,"7/2/24","BD","704:Holiday",6,"Mix6",0,NA,"Madia gracilis",4,6,"BD 704","7/2/24"
"732",732,27916,"7/2/24","BD","704:Holiday",6,"Mix6",0,NA,"Gilia capitata",1,1,"BD 704","7/2/24"
"733",733,27917,"7/2/24","BD","704:Holiday",6,"Mix6",12,NA,"Madia gracilis",2.36,11,"BD 704","7/2/24"
"734",734,27918,"7/2/24","BD","704:Holiday",6,"Mix6",12,NA,"Gilia capitata",1.5,4,"BD 704","7/2/24"
"735",735,27919,"7/2/24","BD","704:Holiday",6,"Mix6",4,NA,"Madia gracilis",3.3,6,"BD 704","7/2/24"
"736",736,27920,"7/2/24","BD","704:Holiday",6,"Mix6",4,NA,"Gilia capitata",1.4,5,"BD 704","7/2/24"
"737",737,27921,"7/2/24","BD","704:Holiday",6,"Mix6",4,NA,"Collomia grandiflora",3,1,"BD 704","7/2/24"
"738",738,27922,"7/2/24","BD","704:Holiday",6,"Mix6",8,NA,"Gilia capitata",4.2,7,"BD 704","7/2/24"
"739",739,27923,"7/2/24","BD","704:Holiday",6,"Mix6",8,NA,"Madia gracilis",1.53,13,"BD 704","7/2/24"
"740",740,27924,"7/2/24","BD","704:Holiday",6,"Mix6",0,NA,"Gilia capitata",2,7,"BD 704","7/2/24"
"741",741,27926,"7/2/24","BD","704:Holiday",6,"Mix6",0,NA,"Collomia grandiflora",0.5,20,"BD 704","7/2/24"
"742",742,27927,"7/2/24","BD","704:Holiday",6,"Mix6",12,NA,"Gilia capitata",4,6,"BD 704","7/2/24"
"743",743,27929,"7/2/24","BD","704:Holiday",6,"Mix6",12,NA,"Madia gracilis",6,1,"BD 704","7/2/24"
"744",744,27931,"7/2/24","BD","704:Holiday",6,"Mix6",12,NA,"Collomia grandiflora",0.1,10,"BD 704","7/2/24"
"745",745,27933,"7/2/24","BD","704:Holiday",6,"Mix6",8,NA,"Collomia grandiflora",1,6,"BD 704","7/2/24"
"746",746,27934,"7/2/24","BD","704:Holiday",6,"Mix6",4,NA,"Gilia capitata",6,6,"BD 704","7/2/24"
"747",747,27935,"7/2/24","BD","704:Holiday",6,"Mix6",4,NA,"Clarkia amoena",2,4,"BD 704","7/2/24"
"748",748,28779,"7/11/24","RM","607:Holiday",6,"Mix4",0,NA,"Clarkia amoena",3.5,16,"","7/11/24"
"749",749,28780,"7/11/24","RM","607:Holiday",6,"Mix4",4,NA,"Clarkia amoena",4,12,"","7/11/24"
"750",750,28781,"7/11/24","RM","607:Holiday",6,"Mix4",4,NA,"Madia gracilis",0.5,8,"","7/11/24"
"751",751,28782,"7/11/24","RM","607:Holiday",6,"Mix4",8,NA,"Clarkia amoena",5,6,"","7/11/24"
"752",752,28784,"7/11/24","RM","607:Holiday",6,"Mix4",12,NA,"Clarkia amoena",2,2,"","7/11/24"
"753",753,28786,"7/11/24","RM","607:Holiday",6,"Mix4",12,NA,"Madia gracilis",2,2,"","7/11/24"
"754",754,28790,"7/11/24","RM","607:Holiday",6,"Mix3",0,NA,"Clarkia amoena",5,12,"","7/11/24"
"755",755,28791,"7/11/24","RM","607:Holiday",6,"Mix3",0,NA,"Gilia capitata",1,4,"","7/11/24"
"756",756,28793,"7/11/24","RM","607:Holiday",6,"Mix3",4,NA,"Clarkia amoena",7,3,"","7/11/24"
"757",757,28794,"7/11/24","RM","607:Holiday",6,"Mix3",8,NA,"Clarkia amoena",1.5,6,"","7/11/24"
"758",758,28796,"7/11/24","RM","607:Holiday",6,"Mix3",8,NA,"Gilia capitata",0.5,8,"","7/11/24"
"759",759,28797,"7/11/24","RM","607:Holiday",6,"Mix3",12,NA,"Clarkia amoena",6,11,"","7/11/24"
"760",760,28799,"7/11/24","RM","607:Holiday",6,"Mix3",12,NA,"Gilia capitata",0.5,2,"","7/11/24"
"761",761,28801,"7/11/24","RM","607:Holiday",6,"Mix6",4,NA,"Gilia capitata",1,3,"","7/11/24"
"762",762,28802,"7/11/24","RM","607:Holiday",6,"Mix6",8,NA,"Gilia capitata",2,7,"","7/11/24"
"763",763,28803,"7/11/24","RM","607:Holiday",6,"Mix6",12,NA,"Gilia capitata",3,6,"","7/11/24"
"764",764,28807,"7/11/24","RM","607:Holiday",6,"Mix2",0,NA,"Madia gracilis",1,3,"","7/11/24"
"765",765,28842,"7/11/24","RM","607:Holiday",6,"Mix1",0,NA,"Gilia capitata",1,10,"","7/11/24"
"766",766,28843,"7/11/24","RM","607:Holiday",6,"Mix1",4,NA,"Gilia capitata",2,6,"","7/11/24"
"767",767,28844,"7/11/24","RM","607:Holiday",6,"Mix1",8,NA,"Gilia capitata",0.5,12,"","7/11/24"
"768",768,28845,"7/11/24","RM","607:Holiday",6,"Mix1",12,NA,"Gilia capitata",1,6,"","7/11/24"
"769",769,28846,"7/11/24","RM","607:Holiday",6,"Mix1",0,NA,"Clarkia amoena",7,11,"","7/11/24"
"770",770,28847,"7/11/24","RM","607:Holiday",6,"Mix1",4,NA,"Clarkia amoena",3,5,"","7/11/24"
"771",771,28848,"7/11/24","RM","607:Holiday",6,"Mix1",8,NA,"Clarkia amoena",9,5,"","7/11/24"
"772",772,28849,"7/11/24","RM","607:Holiday",6,"Mix1",12,NA,"Clarkia amoena",4,13,"","7/11/24"
"773",773,29234,"7/22/24","BD","702:Holiday",6,"Mix2",12,NA,"Madia gracilis",0.5,10,"BD 702","7/18/24"
"774",774,29237,"7/22/24","BD","702:Holiday",6,"Mix1",0,NA,"Clarkia amoena",2,25,"BD","7/18/24"
"775",775,29238,"7/22/24","BD","702:Holiday",6,"Mix1",0,NA,"Gilia capitata",0.15,12,"BD","7/18/24"
"776",776,29240,"7/22/24","BD","702:Holiday",6,"Mix1",4,NA,"Clarkia amoena",1.75,32,"BD","7/18/24"
"777",777,29242,"7/22/24","BD","702:Holiday",6,"Mix1",8,NA,"Clarkia amoena",2.1,50,"BD","7/18/24"
"778",778,29243,"7/22/24","BD","702:Holiday",6,"Mix1",12,NA,"Clarkia amoena",2.25,20,"BD","7/18/24"
"779",779,29244,"7/22/24","BD","702:Holiday",6,"Mix3",0,NA,"Clarkia purpurea",3,12,"BD 702","7/18/24"
"780",780,29245,"7/22/24","BD","702:Holiday",6,"Mix3",4,NA,"Clarkia amoena",2,26,"BD 702","7/18/24"
"781",781,29246,"7/22/24","BD","702:Holiday",6,"Mix3",12,NA,"Clarkia amoena",1.5,30,"BD 702","7/18/24"
"782",782,29247,"7/22/24","BD","702:Holiday",6,"Mix3",8,NA,"Clarkia amoena",2.33,18,"BD 702","7/18/24"
"783",783,29250,"7/22/24","BD","702:Holiday",6,"Mix4",0,NA,"Clarkia amoena",2.2,10,"BD 702","7/18/24"
"784",784,29252,"7/22/24","BD","702:Holiday",6,"Mix4",4,NA,"Clarkia amoena",2.75,15,"BD 702","7/18/24"
"785",785,29253,"7/22/24","BD","702:Holiday",6,"Mix4",12,NA,"Clarkia amoena",2,16,"BD 702","7/18/24"
"786",786,29254,"7/22/24","BD","702:Holiday",6,"Mix4",8,NA,"Clarkia amoena",1,8,"BD 702","7/18/24"
"787",787,29300,"7/22/24","CT","700:Holiday",6,"Mix1",0,NA,"Gilia capitata",0.5,5,"ct stand 700","7/22/24"
"788",788,29301,"7/22/24","OA","700:Holiday",6,"Mix3",0,NA,"Clarkia amoena",0.75,4,"OA 700","7/22/24"
"789",789,29302,"7/22/24","LS","700:Holiday",6,"Mix6",4,NA,"Gilia capitata",1,13,"LS 700","7/22/24"
"790",790,29303,"7/22/24","CT","700:Holiday",6,"Mix1",0,NA,"Clarkia amoena",1,6,"ct stand 700","7/22/24"
"791",791,29304,"7/22/24","EG","700:Holiday",6,"Mix3",4,NA,"Clarkia amoena",1.7,7,"700, EG","7/22/24"
"792",792,29305,"7/22/24","CT","700:Holiday",6,"Mix1",4,NA,"Clarkia amoena",1.5,5,"ct stand 700","7/22/24"
"793",793,29306,"7/22/24","CT","700:Holiday",6,"Mix1",4,NA,"Gilia capitata",0.25,5,"ct stand 700","7/22/24"
"794",794,29307,"7/22/24","BD","700:Holiday",6,"Mix2",4,NA,"Madia gracilis",0.125,8,"BD 700","7/22/24"
"795",795,29308,"7/22/24","CT","700:Holiday",6,"Mix1",8,NA,"Clarkia amoena",2,5,"ct stand 700","7/22/24"
"796",796,29309,"7/22/24","OA","700:Holiday",6,"Mix4",4,NA,"Clarkia amoena",0.5,14,"OA 700","7/22/24"
"797",797,29310,"7/22/24","OA","700:Holiday",6,"Mix4",0,NA,"Clarkia amoena",1.5,4,"OA 700","7/22/24"
"798",798,29311,"7/22/24","CT","700:Holiday",6,"Mix1",8,NA,"Gilia capitata",1,5,"ct stand 700","7/22/24"
"799",799,29312,"7/22/24","OA","700:Holiday",6,"Mix4",8,NA,"Clarkia purpurea",1,1,"OA 700","7/22/24"
"800",800,29313,"7/22/24","CT","700:Holiday",6,"Mix1",12,NA,"Gilia capitata",0.5,3,"ct stand 700","7/22/24"
"801",801,29314,"7/22/24","OA","700:Holiday",6,"Mix4",8,NA,"Clarkia amoena",0.25,4,"OA 700","7/22/24"
"802",802,29315,"7/22/24","EG","700:Holiday",6,"Mix3",4,NA,"Clarkia amoena",0.1875,16,"700, EG","7/22/24"
"803",803,29316,"7/22/24","AW","700:Holiday",6,"Mix3",12,NA,"Gilia capitata",0.18,11,"700 AW","7/22/24"
"804",804,29317,"7/22/24","AW","700:Holiday",6,"Mix3",12,NA,"Clarkia amoena",1.25,8,"700 AW","7/22/24"
"805",805,29318,"7/22/24","AW","700:Holiday",6,"Mix3",8,NA,"Clarkia amoena",3,3,"700 AW","7/22/24"
"806",806,29319,"7/22/24","EG","700:Holiday",6,"Mix3",0,NA,"Collinsia grandiflora",0.34,23,"700, eg","7/22/24"
"807",807,29322,"7/22/24","LB","700:Holiday",6,"Mix3",0,NA,"Clarkia amoena",1.5,4,"LB.","7/23/24"
"808",808,29335,"7/23/24","BD","611:Holiday",6,"Mix1",4,NA,"Clarkia amoena",0.3,20,"BD 707","7/23/24"
"809",809,29336,"7/23/24","BD","611:Holiday",6,"Mix1",4,NA,"Gilia capitata",0.75,4,"BD","7/23/24"
"810",810,29339,"7/23/24","BD","611:Holiday",6,"Mix3",0,NA,"Gilia capitata",3,1,"BD","7/23/24"
"811",811,29340,"7/23/24","BD","611:Holiday",6,"Mix3",0,NA,"Clarkia amoena",0.5,4,"BD","7/23/24"
"812",812,29342,"7/23/24","BD","611:Holiday",6,"Mix3",0,NA,"Hypochaeris radicata",1,1,"BD","7/23/24"
"813",813,29346,"7/23/24","BD","611:Holiday",6,"Mix6",12,NA,"Gilia capitata",0.5,2,"BD","7/23/24"
"814",814,29348,"7/23/24","BD","611:Holiday",6,"Mix6",8,NA,"Gilia capitata",1.5,2,"BD","7/23/24"
"815",815,29350,"7/23/24","BD","611:Holiday",6,"Mix4",0,NA,"Clarkia amoena",0.125,8,"BD","7/23/24"
"816",816,29352,"7/23/24","BD","611:Holiday",6,"Mix4",4,NA,"Crepis setosa",2,1,"BD setosa","7/23/24"
"817",817,29353,"7/23/24","BD","611:Holiday",6,"Mix4",12,NA,"Clarkia amoena",0.2,10,"BD","7/23/24"
"818",818,29354,"7/23/24","BD","611:Holiday",6,"Mix4",8,NA,"Clarkia amoena",0.06,15,"BD","7/23/24"
"819",819,29425,"7/31/24","BD","604:Holiday",6,"Mix4",8,NA,"Clarkia amoena",0.1,10,"BD","7/23/24"
"820",820,29426,"7/31/24","BD","604:Holiday",6,"Mix4",12,NA,"Clarkia amoena",0.33,15,"BD","7/23/24"
"821",821,29427,"7/31/24","BD","604:Holiday",6,"Mix1",0,NA,"Clarkia amoena",0.33,12,"BD","7/23/24"
"822",822,29430,"7/31/24","BD","604:Holiday",6,"Mix1",4,NA,"Clarkia amoena",0.33,30,"BD","7/23/24"
"823",823,29431,"7/31/24","BD","604:Holiday",6,"Mix1",12,NA,"Gilia capitata",1,6,"BD","7/23/24"
"824",824,29432,"7/31/24","BD","604:Holiday",6,"Mix1",8,NA,"Clarkia amoena",0.33,12,"BD","7/23/24"
"825",825,29436,"7/31/24","BD","604:Holiday",6,"Mix6",12,NA,"Gilia capitata",0.1,10,"BD","7/23/24"
"826",826,29438,"7/31/24","BD","604:Holiday",6,"Mix6",4,NA,"Gilia capitata",0.25,12,"BD","7/23/24"
"827",827,29439,"7/31/24","BD","604:Holiday",6,"Mix2",8,NA,"Gilia capitata",0.125,8,"BD","7/23/24"
"828",828,29440,"7/31/24","BD","604:Holiday",6,"Mix3",0,NA,"Clarkia amoena",0.1,10,"BD","7/23/24"
"829",829,29441,"7/31/24","BD","604:Holiday",6,"Mix3",4,NA,"Gilia capitata",0.06,15,"BD","7/23/24"
"830",830,29442,"7/31/24","BD","604:Holiday",6,"Mix3",8,NA,"Clarkia amoena",1,5,"BD","7/23/24"
"831",831,29451,"7/24/24","BD","605:Holiday",6,"Mix5",0,NA,"Crepis setosa",5,2,"BD setosa","7/24/24"
"832",832,29453,"7/24/24","BD","605:Holiday",6,"Mix4",0,NA,"Clarkia amoena",1,4,"BD","7/24/24"
"833",833,29455,"7/24/24","BD","605:Holiday",6,"Mix4",4,NA,"Clarkia amoena",2,3,"BD","7/24/24"
"834",834,29457,"7/24/24","BD","605:Holiday",6,"Mix2",12,NA,"Cirsium arvense",1,6,"BD","7/24/24"
"835",835,29458,"7/24/24","BD","605:Holiday",6,"Mix3",4,NA,"Clarkia amoena",8,12,"BD","7/24/24"
"836",836,29460,"7/24/24","BD","605:Holiday",6,"Mix3",12,NA,"Clarkia amoena",2,5,"BD","7/24/24"
"837",837,29462,"7/24/24","BD","605:Holiday",6,"Mix3",0,NA,"Gilia capitata",0.2,5,"BD","7/24/24"
"838",838,29465,"7/24/24","BD","605:Holiday",6,"Mix6",0,NA,"Senecio sylvaticus",75,1,"BD","7/24/24"
"839",839,29468,"7/24/24","BD","605:Holiday",6,"Mix6",8,NA,"Madia gracilis",2,4,"BD","7/24/24"
"840",840,29472,"7/24/24","BD","605:Holiday",6,"Mix1",0,NA,"Clarkia amoena",14,1,"BD","7/24/24"
"841",841,29474,"7/24/24","BD","605:Holiday",6,"Mix1",4,NA,"Clarkia amoena",2.4,5,"BD","7/24/24"
"842",842,29477,"7/24/24","BD","605:Holiday",6,"Mix1",4,NA,"Gilia capitata",0.66,6,"BD","7/24/24"
"843",843,29480,"7/24/24","LS","704:Holiday",6,"Mix5",0,NA,"Clarkia amoena",2,2,"LS 704","7/24/24"
"844",844,29481,"7/24/24","LS","704:Holiday",6,"Mix5",0,NA,"Collomia grandiflora",1.5,14,"LS 704","7/24/24"
"845",845,29483,"7/24/24","LS","704:Holiday",6,"Mix5",4,NA,"Collomia grandiflora",0.3,15,"LS 704","7/24/24"
"846",846,29486,"7/24/24","LS","704:Holiday",6,"Mix5",8,NA,"Collomia grandiflora",5,5,"LS 704","7/24/24"
"847",847,29487,"7/24/24","LS","704:Holiday",6,"Mix5",12,NA,"Collomia grandiflora",0.5,14,"LS 704","7/24/24"
"848",848,29490,"7/24/24","LS","704:Holiday",6,"Mix6",4,NA,"Gilia capitata",2,16,"LS 704","7/24/24"
"849",849,29493,"7/24/24","LS","704:Holiday",6,"Mix6",8,NA,"Madia gracilis",0.05,20,"LS 704","7/24/24"
"850",850,29494,"7/24/24","LS","704:Holiday",6,"Mix1",0,NA,"Senecio sylvaticus",17,1,"LS 704","7/24/24"
"851",851,29498,"7/24/24","LS","704:Holiday",6,"Mix4",0,NA,"Madia gracilis",0.06,16,"LS 704","7/24/24"
"852",852,29499,"7/24/24","LS","704:Holiday",6,"Mix4",8,NA,"Madia gracilis",0.36,19,"LS 704","7/24/24"
"853",853,29500,"7/24/24","LS","704:Holiday",6,"Mix4",12,NA,"Madia gracilis",0.08,12,"LS 704","7/24/24"
"854",854,29503,"7/24/24","LS","704:Holiday",6,"Mix2",0,NA,"Collomia grandiflora",1.2,17,"LS 704","7/24/24"
"855",855,29506,"7/24/24","LS","704:Holiday",6,"Mix2",4,NA,"Collomia grandiflora",0.5,12,"LS 704","7/24/24"
"856",856,29510,"7/24/24","LS","704:Holiday",6,"Mix2",12,NA,"Collomia grandiflora",0.3,14,"LS 704","7/24/24"
"857",857,29512,"7/24/24","LS","704:Holiday",6,"Mix3",0,NA,"Collomia grandiflora",0.5,21,"LS 704","7/24/24"
"858",858,29513,"7/24/24","LS","704:Holiday",6,"Mix3",0,NA,"Gilia capitata",2,12,"LS 704","7/24/24"
"859",859,29515,"7/24/24","LS","704:Holiday",6,"Mix3",4,NA,"Clarkia amoena",2,2,"LS 704","7/24/24"
"860",860,29517,"7/24/24","LS","704:Holiday",6,"Mix3",8,NA,"Clarkia amoena",2.5,2,"LS 704","7/24/24"
"861",861,29519,"7/24/24","LS","704:Holiday",6,"Mix3",12,NA,"Clarkia amoena",1,1,"LS 704","7/24/24"
"862",862,29801,"7/30/24","LB","705:Holiday",6,"Mix1",0,NA,"Gilia capitata",1.5,2,"LB. stand 705","7/31/24"
"863",863,29802,"7/30/24","LB","705:Holiday",6,"Mix1",0,NA,"Conyza canadensis",0.37,35,"LB. stand 705","7/31/24"
"864",864,29803,"7/30/24","LB","705:Holiday",6,"Mix1",8,NA,"Conyza canadensis",0.08,25,"LB. stand 705","7/31/24"
"865",865,29804,"7/30/24","LB","705:Holiday",6,"Mix1",8,NA,"Lactuca serriola",0.11,27,"LB. stand 705","7/31/24"
"866",866,29805,"7/30/24","LB","705:Holiday",6,"Mix1",4,NA,"Conyza canadensis",0.25,20,"LB. stand 705","7/31/24"
"867",867,29806,"7/30/24","LB","705:Holiday",6,"Mix1",12,NA,"Conyza canadensis",0.27,15,"LB. stand 705","7/31/24"
"868",868,29807,"7/30/24","LB","705:Holiday",6,"Mix1",12,NA,"Senecio sylvaticus",2,3,"LB. stand 705","7/31/24"
"869",869,29808,"7/30/24","LB","705:Holiday",6,"Mix4",0,NA,"Conyza canadensis",0.3,10,"LB. stand 705. tree fell on plot","7/31/24"
"870",870,29809,"7/30/24","LB","705:Holiday",6,"Mix4",4,NA,"Conyza canadensis",0.7,10,"LB. stand 705. tree fell on plot","7/31/24"
"871",871,29810,"7/30/24","LB","705:Holiday",6,"Mix4",4,NA,"Lactuca serriola",0.07,15,"LB. stand 705. tree fell on plot","7/31/24"
"872",872,29811,"7/30/24","LB","705:Holiday",6,"Mix4",0,NA,"Madia gracilis",0.2,5,"LB. stand 705. tree fell on plot","7/31/24"
"873",873,29812,"7/30/24","LB","705:Holiday",6,"Mix4",4,NA,"Clarkia amoena",0.5,2,"LB. stand 705. tree fell on plot","7/31/24"
"874",874,29813,"7/30/24","LB","705:Holiday",6,"Mix4",8,NA,"Lactuca serriola",1,2,"LB. stand 705. tree fell on plot","7/31/24"
"875",875,29814,"7/30/24","LB","705:Holiday",6,"Mix2",0,NA,"Lactuca serriola",0.12,8,"LB. stand 705. tree fell on plot","7/31/24"
"876",876,29815,"7/30/24","LB","705:Holiday",6,"Mix2",0,NA,"Conyza canadensis",0.33,6,"LB. stand 705. tree fell on plot","7/31/24"
"877",877,29816,"7/30/24","LB","705:Holiday",6,"Mix2",4,NA,"Conyza canadensis",0.65,20,"LB. stand 705. tree fell on plot","7/31/24"
"878",878,29817,"7/30/24","LB","705:Holiday",6,"Mix2",4,NA,"Hypochaeris radicata",1,1,"LB. stand 705. tree fell on plot","7/31/24"
"879",879,29818,"7/30/24","LB","705:Holiday",6,"Mix3",0,NA,"Senecio sylvaticus",7,3,"LB. stand 705.","7/31/24"
"880",880,29819,"7/30/24","LB","705:Holiday",6,"Mix3",0,NA,"Conyza canadensis",1.73,15,"LB. stand 705.","7/31/24"
"881",881,29820,"7/30/24","LB","705:Holiday",6,"Mix3",4,NA,"Lactuca serriola",0.03,35,"LB. stand 705.","7/31/24"
"882",882,29821,"7/30/24","LB","705:Holiday",6,"Mix3",4,NA,"Gilia capitata",5.11,9,"LB. stand 705.","7/31/24"
"883",883,29822,"7/30/24","LB","705:Holiday",6,"Mix3",4,NA,"Conyza canadensis",0.28,18,"LB. stand 705.","7/31/24"
"884",884,29823,"7/30/24","LB","705:Holiday",6,"Mix3",8,NA,"Conyza canadensis",0.5,10,"LB. stand 705.","7/31/24"
"885",885,29824,"7/30/24","LB","705:Holiday",6,"Mix3",8,NA,"Lactuca serriola",0.14,22,"LB. stand 705.","7/31/24"
"886",886,29825,"7/30/24","LB","705:Holiday",6,"Mix3",12,NA,"Conyza canadensis",0.7,10,"LB. stand 705.","7/31/24"
"887",887,29826,"7/30/24","LB","705:Holiday",6,"Mix3",4,NA,"Clarkia amoena",0.67,6,"LB. stand 705.","7/31/24"
"888",888,29827,"7/30/24","LB","705:Holiday",6,"Mix5",4,NA,"Hypochaeris radicata",2,1,"LB. stand 705.","7/31/24"
"889",889,29828,"7/30/24","LB","705:Holiday",6,"Mix5",4,NA,"Conyza canadensis",0.03,30,"LB. stand 705.","7/31/24"
"890",890,29829,"7/30/24","LB","705:Holiday",6,"Mix5",8,NA,"Conyza canadensis",0.5,8,"LB. stand 705.","7/31/24"
"891",891,29830,"7/30/24","LB","705:Holiday",6,"Mix5",8,NA,"Hypochaeris radicata",3,1,"LB. stand 705.","7/31/24"
"892",892,29831,"7/30/24","LB","705:Holiday",6,"Mix5",8,NA,"Clarkia purpurea",0.25,4,"LB. stand 705.","7/31/24"
"893",893,29832,"7/30/24","LB","705:Holiday",6,"Mix5",12,NA,"Conyza canadensis",0.68,25,"LB. stand 705.","7/31/24"
"894",894,29833,"7/30/24","LB","705:Holiday",6,"Mix3",12,NA,"Lactuca serriola",0.2,20,"LB. stand 705.","7/31/24"
"895",895,29834,"7/30/24","LB","705:Holiday",6,"Mix3",12,NA,"Senecio sylvaticus",0.67,3,"LB. stand 705.","7/31/24"
"896",896,29835,"7/30/24","LB","705:Holiday",6,"Mix6",0,NA,"Conyza canadensis",0.6,20,"LB. stand 705.","7/31/24"
"897",897,29836,"7/30/24","LB","705:Holiday",6,"Mix6",0,NA,"Madia gracilis",0.3,10,"LB. stand 705.","7/31/24"
"898",898,29837,"7/30/24","LB","705:Holiday",6,"Mix6",4,NA,"Madia gracilis",0.87,23,"LB. stand 705.","7/31/24"
"899",899,29838,"7/30/24","LB","705:Holiday",6,"Mix6",4,NA,"Gilia capitata",1,3,"LB. stand 705.","7/31/24"
"900",900,29839,"7/30/24","LB","705:Holiday",6,"Mix6",8,NA,"Conyza canadensis",0.17,18,"LB. stand 705.","7/31/24"
"901",901,29840,"7/30/24","LB","705:Holiday",6,"Mix6",12,NA,"Conyza canadensis",0.5,10,"LB. stand 705.","7/31/24"
"902",902,29841,"7/30/24","LB","705:Holiday",6,"Mix6",12,NA,"Madia gracilis",1.29,14,"LB. stand 705.","7/31/24"
