"","Date","Obs","Stand","Site","Transect","Subplot","SubplotComments","PlantGenusSpecies","NumFlowers","NumPlant","Comments","DateRecorded"
"16651","6/21/23","RM","604:Holiday",6,"Unenhanced",0,"","Descurainia sp.",30,8,"","6/21/23"
"16652","6/21/23","RM","604:Holiday",6,"Unenhanced",8,"","Hypochaeris radicata",5,1,"","6/21/23"
"16653","6/21/23","RM","604:Holiday",6,"Unenhanced",8,"","Descurainia pinnata",1,6,"","6/21/23"
"16698","6/22/23","AS","607:Holiday",6,"Unenhanced",0,"","Collomia heterophylla",23,1,"","6/22/23"
"16699","6/22/23","AS","607:Holiday",6,"Unenhanced",12,"","Senecio sylvaticus",5,3,"","6/22/23"
"17256","7/14/23","RM","604:Holiday",6,"Unenhanced",0,"","Senecio sylvaticus",7,4,"","7/14/23"
"17257","7/14/23","RM","604:Holiday",6,"Unenhanced",12,"","Senecio sylvaticus",25,2,"","7/14/23"
"17258","7/14/23","RM","604:Holiday",6,"Unenhanced",8,"","Senecio sylvaticus",30,3,"","7/14/23"
"17259","7/14/23","RM","604:Holiday",6,"Unenhanced",4,"","Senecio sylvaticus",27.1,7,"","7/14/23"
"17998","7/24/23","RM","607:Holiday",6,"Unenhanced",0,"","Senecio sylvaticus",23,4,"","7/24/23"
"17999","7/24/23","RM","607:Holiday",6,"Unenhanced",8,"","Senecio sylvaticus",25,3,"","7/24/23"
"18000","7/24/23","RM","607:Holiday",6,"Unenhanced",12,"","Senecio sylvaticus",17,3,"","7/24/23"
"18001","7/24/23","RM","611:Holiday",6,"Unenhanced",8,"","Senecio sylvaticus",1,1,"","7/24/23"
"18002","7/24/23","RM","611:Holiday",6,"Unenhanced",12,"","Epilobium brachycarpum",4,1,"","7/24/23"
"18223","8/1/23","RM","605:Holiday",6,"Unenhanced",0,"","Epilobium brachycarpum",12,5,"","8/1/23"
"18224","8/1/23","RM","605:Holiday",6,"Unenhanced",4,"","Epilobium brachycarpum",14,3,"","8/1/23"
"18225","8/1/23","RM","605:Holiday",6,"Unenhanced",4,"","Senecio sylvaticus",39,2,"","8/1/23"
"18226","8/1/23","RM","605:Holiday",6,"Unenhanced",12,"","Senecio sylvaticus",45,1,"","8/1/23"
"18227","8/1/23","RM","605:Holiday",6,"Unenhanced",8,"","Epilobium brachycarpum",21,5,"","8/1/23"
"18228","8/1/23","RM","605:Holiday",6,"Unenhanced",12,"","Epilobium brachycarpum",5,3,"","8/1/23"
"18278","8/2/23","MG","607:Holiday",6,"Unenhanced",0,"","Senecio sylvaticus",40,2,"","8/2/23"
"18279","8/2/23","MG","607:Holiday",6,"Unenhanced",8,"","Senecio sylvaticus",15,1,"","8/2/23"
"18280","8/2/23","MG","607:Holiday",6,"Unenhanced",12,"","Senecio sylvaticus",12,1,"","8/2/23"
"18312","8/3/23","MG","611:Holiday",6,"Unenhanced",8,"","Senecio sylvaticus",64,3,"","8/3/23"
"22634","5/23/24","RM","604:Holiday",6,"Mix2",0,"","Collinsia grandiflora",5,41,"","5/23/24"
"22636","5/23/24","RM","604:Holiday",6,"Mix2",4,"","Collinsia grandiflora",4,23,"","5/23/24"
"22638","5/23/24","RM","604:Holiday",6,"Mix2",8,"","Collinsia grandiflora",5,39,"","5/23/24"
"22640","5/23/24","RM","604:Holiday",6,"Mix2",12,"","Collinsia grandiflora",5,6,"","5/23/24"
"22643","5/23/24","RM","604:Holiday",6,"Mix2",0,"","Phlox gracilis",2,3,"","5/23/24"
"22644","5/23/24","RM","604:Holiday",6,"Mix2",4,"","Phlox gracilis",1,4,"","5/23/24"
"22647","5/23/24","RM","604:Holiday",6,"Mix2",8,"","Madia gracilis",1,1,"","5/23/24"
"22649","5/23/24","RM","604:Holiday",6,"Mix2",12,"","Phlox gracilis",2,1,"","5/23/24"
"22654","5/23/24","RM","604:Holiday",6,"Mix6",0,"","Phlox gracilis",3,7,"","5/23/24"
"22655","5/23/24","RM","604:Holiday",6,"Mix6",4,"","Phlox gracilis",2,17,"","5/23/24"
"22656","5/23/24","RM","604:Holiday",6,"Mix6",8,"","Phlox gracilis",2,7,"","5/23/24"
"22658","5/23/24","RM","604:Holiday",6,"Mix6",12,"","Phlox gracilis",2,17,"","5/23/24"
"22662","5/23/24","RM","604:Holiday",6,"Mix3",0,"","Collinsia grandiflora",3,24,"","5/23/24"
"22666","5/23/24","RM","604:Holiday",6,"Mix3",4,"","Collinsia grandiflora",3,63,"","5/23/24"
"22667","5/23/24","RM","604:Holiday",6,"Mix3",0,"","Collinsia grandiflora",4,25,"","5/23/24"
"22669","5/23/24","RM","604:Holiday",6,"Mix3",12,"","Collinsia grandiflora",4,39,"","5/23/24"
"22678","5/23/24","RM","604:Holiday",6,"Mix5",0,"","Collinsia grandiflora",20,16,"","5/23/24"
"22679","5/23/24","RM","604:Holiday",6,"Mix5",4,"","Collinsia grandiflora",9,8,"","5/23/24"
"22681","5/23/24","RM","604:Holiday",6,"Mix5",8,"","Collinsia grandiflora",5,15,"","5/23/24"
"22682","5/23/24","RM","604:Holiday",6,"Mix5",12,"","Collinsia grandiflora",7,9,"","5/23/24"
"22684","5/23/24","RM","604:Holiday",6,"Mix4",0,"","Phlox gracilis",1,5,"","5/23/24"
"22686","5/23/24","RM","604:Holiday",6,"Mix4",4,"","Phlox gracilis",0.5,18,"","5/23/24"
"22687","5/23/24","RM","604:Holiday",6,"Mix4",4,"","Madia gracilis",2,1,"","5/23/24"
"22688","5/23/24","RM","604:Holiday",6,"Mix4",8,"","Phlox gracilis",0.5,22,"","5/23/24"
"22690","5/23/24","RM","604:Holiday",6,"Mix4",12,"","Phlox gracilis",0.2,50,"","5/23/24"
"22835","5/24/24","RM","705:Holiday",6,"Mix6",0,"","Phlox gracilis",1,6,"705","5/24/24"
"22836","5/24/24","RM","705:Holiday",6,"Mix6",8,"","Phlox gracilis",1,13,"705","5/24/24"
"22837","5/24/24","RM","705:Holiday",6,"Mix6",4,"","Phlox gracilis",1.5,14,"705","5/24/24"
"22838","5/24/24","RM","705:Holiday",6,"Mix6",12,"","Phlox gracilis",1,15,"705","5/24/24"
"22839","5/24/24","RM","705:Holiday",6,"Mix1",12,"","Collinsia grandiflora",3,1,"705","5/24/24"
"22840","5/24/24","RM","705:Holiday",6,"Mix4",0,"","Phlox gracilis",1.5,24,"705","5/24/24"
"22841","5/24/24","RM","705:Holiday",6,"Mix4",4,"","Phlox gracilis",0.5,14,"705","5/24/24"
"22842","5/24/24","RM","705:Holiday",6,"Mix4",8,"","Phlox gracilis",1,20,"705","5/24/24"
"22843","5/24/24","RM","705:Holiday",6,"Mix4",12,"","Phlox gracilis",1.5,12,"705","5/24/24"
"22844","5/24/24","RM","705:Holiday",6,"Mix2",0,"","Phlox gracilis",5,4,"705","5/24/24"
"22845","5/24/24","RM","705:Holiday",6,"Mix2",0,"","Collinsia grandiflora",5,19,"705","5/24/24"
"22846","5/24/24","RM","705:Holiday",6,"Mix2",4,"","Collinsia grandiflora",4,18,"705","5/24/24"
"22847","5/24/24","RM","705:Holiday",6,"Mix2",4,"","Phlox gracilis",8,2,"705","5/24/24"
"22848","5/24/24","RM","705:Holiday",6,"Mix2",8,"","Collinsia grandiflora",4,18,"705","5/24/24"
"22849","5/24/24","RM","705:Holiday",6,"Mix2",8,"","Phlox gracilis",4,3,"705","5/24/24"
"22850","5/24/24","RM","705:Holiday",6,"Mix2",12,"","Collinsia grandiflora",4,20,"705","5/24/24"
"22851","5/24/24","RM","705:Holiday",6,"Mix2",12,"","Phlox gracilis",5,2,"705","5/24/24"
"22852","5/24/24","RM","705:Holiday",6,"Mix3",0,"","Collinsia grandiflora",4,5,"705","5/24/24"
"22853","5/24/24","RM","705:Holiday",6,"Mix3",4,"","Collinsia grandiflora",4,19,"705","5/24/24"
"22854","5/24/24","RM","705:Holiday",6,"Mix3",0,"","Collinsia grandiflora",3,22,"705","5/24/24"
"22855","5/24/24","RM","705:Holiday",6,"Mix3",8,"","Collinsia grandiflora",2,10,"705","5/24/24"
"22856","5/24/24","RM","705:Holiday",6,"Mix5",0,"","Collinsia grandiflora",3,21,"705","5/24/24"
"22857","5/24/24","RM","705:Holiday",6,"Mix5",4,"","Collinsia grandiflora",5,9,"705","5/24/24"
"22858","5/24/24","RM","705:Holiday",6,"Mix5",8,"","Collinsia grandiflora",4,15,"705","5/24/24"
"22859","5/24/24","RM","705:Holiday",6,"Mix5",8,"","Collinsia grandiflora",4,20,"705","5/24/24"
"23193","5/30/24","RM","607:Holiday",6,"Mix1",0,"","Collinsia grandiflora",5,1,"","5/30/24"
"23194","5/30/24","RM","607:Holiday",6,"Mix1",0,"","Phlox gracilis",10,1,"","5/30/24"
"23196","5/30/24","RM","607:Holiday",6,"Mix1",4,"","Phlox gracilis",1,1,"","5/30/24"
"23198","5/30/24","RM","607:Holiday",6,"Mix1",8,"","Phlox gracilis",2,1,"","5/30/24"
"23199","5/30/24","RM","607:Holiday",6,"Mix1",8,"","Vicia sativa",5,2,"","5/30/24"
"23200","5/30/24","RM","607:Holiday",6,"Mix1",8,"","Vicia hirusta",12,3,"hirusta","5/30/24"
"23203","5/30/24","RM","607:Holiday",6,"Mix1",12,"","Phlox gracilis",4,1,"","5/30/24"
"23204","5/30/24","RM","607:Holiday",6,"Mix1",12,"","Collinsia grandiflora",4,2,"","5/30/24"
"23206","5/30/24","RM","607:Holiday",6,"Mix2",0,"","Phlox gracilis",5,2,"","5/30/24"
"23207","5/30/24","RM","607:Holiday",6,"Mix2",0,"","Collinsia grandiflora",10,16,"","5/30/24"
"23210","5/30/24","RM","607:Holiday",6,"Mix2",4,"","Collinsia grandiflora",4,31,"","5/30/24"
"23211","5/30/24","RM","607:Holiday",6,"Mix2",4,"","Phlox gracilis",4,4,"","5/30/24"
"23212","5/30/24","RM","607:Holiday",6,"Mix2",4,"","Madia gracilis",0.1,10,"","5/30/24"
"23213","5/30/24","RM","607:Holiday",6,"Mix2",8,"","Collinsia grandiflora",15,9,"","5/30/24"
"23214","5/30/24","RM","607:Holiday",6,"Mix2",0,"","Phlox gracilis",8,2,"","5/30/24"
"23216","5/30/24","RM","607:Holiday",6,"Mix2",12,"","Phlox gracilis",7,40,"","5/30/24"
"23218","5/30/24","RM","607:Holiday",6,"Mix2",12,"","Madia gracilis",0.1,10,"","5/30/24"
"23221","5/30/24","RM","607:Holiday",6,"Mix3",0,"","Collinsia grandiflora",15,14,"","5/30/24"
"23222","5/30/24","RM","607:Holiday",6,"Mix3",4,"","Collinsia grandiflora",8,12,"","5/30/24"
"23223","5/30/24","RM","607:Holiday",6,"Mix3",4,"","Phlox gracilis",13,2,"","5/30/24"
"23225","5/30/24","RM","607:Holiday",6,"Mix3",4,"","Vicia sativa",30,1,"","5/30/24"
"23227","5/30/24","RM","607:Holiday",6,"Mix3",8,"","Collinsia grandiflora",7,6,"","5/30/24"
"23228","5/30/24","RM","607:Holiday",6,"Mix3",8,"","Phlox gracilis",10,1,"","5/30/24"
"23231","5/30/24","RM","607:Holiday",6,"Mix3",12,"","Collinsia grandiflora",10,6,"","5/30/24"
"23232","5/30/24","RM","607:Holiday",6,"Mix3",12,"","Phlox gracilis",5,4,"","5/30/24"
"23233","5/30/24","RM","607:Holiday",6,"Mix4",0,"","Sonchus asper",2,1,"","5/30/24"
"23234","5/30/24","RM","607:Holiday",6,"Mix4",0,"","Phlox gracilis",6,14,"","5/30/24"
"23235","5/30/24","RM","607:Holiday",6,"Mix4",4,"","Phlox gracilis",2,11,"","5/30/24"
"23236","5/30/24","RM","607:Holiday",6,"Mix4",4,"","Sonchus asper",1,1,"","5/30/24"
"23237","5/30/24","RM","607:Holiday",6,"Mix4",12,"","Phlox gracilis",2,1,"","5/30/24"
"23238","5/30/24","RM","607:Holiday",6,"Mix4",8,"","Phlox gracilis",6,9,"","5/30/24"
"23239","5/30/24","RM","607:Holiday",6,"Mix4",8,"","Madia gracilis",1,1,"","5/30/24"
"23240","5/30/24","RM","607:Holiday",6,"Mix5",0,"","Phlox gracilis",9,20,"","5/30/24"
"23241","5/30/24","RM","607:Holiday",6,"Mix5",0,"","Collinsia grandiflora",5,17,"","5/30/24"
"23242","5/30/24","RM","607:Holiday",6,"Mix5",4,"","Phlox gracilis",2,4,"","5/30/24"
"23244","5/30/24","RM","607:Holiday",6,"Mix5",4,"","Collinsia grandiflora",10,16,"","5/30/24"
"23245","5/30/24","RM","607:Holiday",6,"Mix5",4,"","Leucanthemum vulgare",3,3,"","5/30/24"
"23247","5/30/24","RM","607:Holiday",6,"Mix5",8,"","Phlox gracilis",3,11,"","5/30/24"
"23248","5/30/24","RM","607:Holiday",6,"Mix5",8,"","Collinsia grandiflora",5,13,"","5/30/24"
"23250","5/30/24","RM","607:Holiday",6,"Mix5",12,"","Collinsia grandiflora",9,14,"","5/30/24"
"23251","5/30/24","RM","607:Holiday",6,"Mix5",12,"","Hypochaeris radicata",1,1,"","5/30/24"
"23253","5/30/24","RM","607:Holiday",6,"Mix5",12,"","Madia gracilis",1,1,"","5/30/24"
"23254","5/30/24","RM","607:Holiday",6,"Mix6",0,"","Phlox gracilis",5,7,"","5/30/24"
"23255","5/30/24","RM","607:Holiday",6,"Mix6",0,"","Madia gracilis",1,1,"","5/30/24"
"23257","5/30/24","RM","607:Holiday",6,"Mix6",4,"","Phlox gracilis",5,14,"","5/30/24"
"23258","5/30/24","RM","607:Holiday",6,"Mix6",0,"","Phlox gracilis",7,9,"","5/30/24"
"23259","5/30/24","RM","607:Holiday",6,"Mix6",8,"","Madia gracilis",0.2,10,"","5/30/24"
"23260","5/30/24","RM","607:Holiday",6,"Mix6",12,"","Phlox gracilis",5,18,"","5/30/24"
"23261","5/30/24","RM","607:Holiday",6,"Mix6",12,"","Hypochaeris radicata",1,1,"","5/30/24"
"23263","5/30/24","RM","607:Holiday",6,"Mix6",12,"","Sonchus asper",1,1,"","5/30/24"
"23264","5/30/24","RM","607:Holiday",6,"Mix6",12,"","Madia gracilis",0.1,10,"","5/30/24"
"23518","6/1/24","JA","700:Holiday",6,"Mix3",8,"","Collinsia grandiflora",4,5,"700, jasmin","6/1/24"
"23520","6/1/24","JA","700:Holiday",6,"Mix3",0,"","Collinsia grandiflora",2,5,"700, jasmin","6/1/24"
"23522","6/1/24","JA","700:Holiday",6,"Mix3",4,"","Collinsia grandiflora",4,10,"700, jasmin","6/1/24"
"23523","6/1/24","JA","700:Holiday",6,"Mix3",12,"","Collinsia grandiflora",2,5,"700, jasmin","6/1/24"
"23525","6/1/24","JA","700:Holiday",6,"Mix6",4,"","Phlox gracilis",15,15,"700, jasmin","6/1/24"
"23527","6/1/24","JA","700:Holiday",6,"Mix6",12,"","Phlox gracilis",10,17,"700, jasmin","6/1/24"
"23529","6/1/24","JA","700:Holiday",6,"Mix6",8,"","Phlox gracilis",20,14,"700, jasmin","6/1/24"
"23532","6/1/24","JA","700:Holiday",6,"Mix6",0,"","Phlox gracilis",30,17,"700, jasmin","6/1/24"
"23537","6/1/24","JA","700:Holiday",6,"Mix6",0,"","Madia gracilis",0.07,29,"700, jasmin","6/1/24"
"23541","6/1/24","JA","700:Holiday",6,"Mix6",0,"","Gilia capitata",0.03,34,"700, jasmin","6/1/24"
"23546","6/1/24","JA","700:Holiday",6,"Mix4",12,"","Phlox gracilis",12,10,"700, jasmin","6/1/24"
"23548","6/1/24","JA","700:Holiday",6,"Mix4",4,"","Phlox gracilis",5,19,"700, jasmin","6/1/24"
"23549","6/1/24","JA","700:Holiday",6,"Mix4",0,"","Phlox gracilis",10,16,"700, jasmin","6/1/24"
"23550","6/1/24","JA","700:Holiday",6,"Mix4",8,"","Phlox gracilis",5,8,"700, jasmin","6/1/24"
"23552","6/1/24","JA","700:Holiday",6,"Mix2",8,"","Phlox gracilis",25,14,"700, jasmin","6/1/24"
"23556","6/1/24","JA","700:Holiday",6,"Mix2",8,"","Collomia grandiflora",20,7,"700, jasmin","6/1/24"
"23558","6/1/24","JA","700:Holiday",6,"Mix2",8,"","Madia gracilis",0.04,27,"700, jasmin","6/1/24"
"23560","6/1/24","JA","700:Holiday",6,"Mix2",12,"","Phlox gracilis",20,13,"700, jasmin","6/1/24"
"23562","6/1/24","JA","700:Holiday",6,"Mix2",12,"","Collinsia grandiflora",3,4,"700, jasmin","6/1/24"
"23563","6/1/24","JA","700:Holiday",6,"Mix2",0,"","Phlox gracilis",12,27,"700, jasmin","6/1/24"
"23566","6/1/24","JA","700:Holiday",6,"Mix2",0,"","Collinsia grandiflora",15,22,"700, jasmin","6/1/24"
"23569","6/1/24","JA","700:Holiday",6,"Mix2",4,"","Collinsia grandiflora",10,8,"700, jasmin","6/1/24"
"23580","6/1/24","JA","700:Holiday",6,"Mix5",0,"","Collinsia grandiflora",4,12,"700, jasmin","6/1/24"
"23584","6/1/24","JA","700:Holiday",6,"Mix5",8,"","Collinsia grandiflora",6,12,"700, jasmin","6/1/24"
"23588","6/1/24","JA","700:Holiday",6,"Mix5",12,"","Collinsia grandiflora",10,10,"700, jasmin","6/1/24"
"23590","6/1/24","JA","700:Holiday",6,"Mix5",8,"","Sonchus asper",1,1,"700, jasmin","6/1/24"
"23709","6/5/24","Other","702:Holiday",6,"Mix2",0,"","Collinsia grandiflora",1000,18,"702","6/4/24"
"23710","6/5/24","Other","702:Holiday",6,"Mix2",0,"","Phlox gracilis",165,8,"702","6/4/24"
"23711","6/5/24","Other","702:Holiday",6,"Mix2",4,"","Phlox gracilis",36.5,4,"702","6/4/24"
"23712","6/5/24","Other","702:Holiday",6,"Mix2",4,"","Madia gracilis",0.1,20,"702","6/4/24"
"23717","6/5/24","Other","702:Holiday",6,"Mix2",4,"","Collinsia grandiflora",67.5,20,"702","6/4/24"
"23720","6/5/24","Other","702:Holiday",6,"Mix2",12,"","Madia gracilis",0.04,25,"702","6/4/24"
"23721","6/5/24","Other","702:Holiday",6,"Mix2",12,"","Phlox gracilis",9,3,"702","6/4/24"
"23725","6/5/24","Other","702:Holiday",6,"Mix2",12,"","Collinsia grandiflora",40,20,"702","6/4/24"
"23726","6/5/24","Other","702:Holiday",6,"Mix2",8,"","Madia gracilis",0.06,15,"702","6/4/24"
"23727","6/5/24","Other","702:Holiday",6,"Mix2",8,"","Phlox gracilis",10,6,"702","6/4/24"
"23728","6/5/24","Other","702:Holiday",6,"Mix2",8,"","Collinsia grandiflora",80,15,"702","6/4/24"
"23729","6/5/24","RM","702:Holiday",6,"Mix5",0,"","Collinsia grandiflora",400,3,"702","6/4/24"
"23730","6/5/24","RM","702:Holiday",6,"Mix5",4,"","Collinsia grandiflora",60,13,"702","6/4/24"
"23731","6/5/24","Other","702:Holiday",6,"Mix1",12,"","Phlox gracilis",10,2,"702","6/4/24"
"23732","6/5/24","RM","702:Holiday",6,"Mix5",0,"","Collinsia grandiflora",90,9,"702","6/4/24"
"23733","6/5/24","RM","702:Holiday",6,"Mix5",12,"","Collinsia grandiflora",100,10,"702","6/4/24"
"23734","6/5/24","RM","702:Holiday",6,"Mix4",0,"","Phlox gracilis",20,8,"702","6/4/24"
"23735","6/5/24","RM","702:Holiday",6,"Mix4",4,"","Phlox gracilis",16,4,"702","6/4/24"
"23736","6/5/24","Other","702:Holiday",6,"Mix6",0,"","Phlox gracilis",30,8,"702","6/4/24"
"23737","6/5/24","RM","702:Holiday",6,"Mix4",4,"","Madia gracilis",2,10,"702","6/4/24"
"23738","6/5/24","Other","702:Holiday",6,"Mix6",0,"","Collinsia grandiflora",15,2,"702","6/4/24"
"23739","6/5/24","RM","702:Holiday",6,"Mix4",8,"","Phlox gracilis",5,12,"702","6/4/24"
"23740","6/5/24","RM","702:Holiday",6,"Mix4",12,"","Madia gracilis",2,5,"702","6/4/24"
"23741","6/5/24","Other","702:Holiday",6,"Mix6",0,"","Madia gracilis",0.08,12,"702","6/4/24"
"23742","6/5/24","RM","702:Holiday",6,"Mix3",0,"","Collinsia grandiflora",80,5,"702","6/4/24"
"23743","6/5/24","Other","702:Holiday",6,"Mix6",4,"","Phlox gracilis",25,12,"702","6/4/24"
"23744","6/5/24","RM","702:Holiday",6,"Mix3",4,"","Collinsia grandiflora",50,4,"702","6/4/24"
"23745","6/5/24","RM","702:Holiday",6,"Mix3",8,"","Collinsia grandiflora",80,7,"702","6/4/24"
"23746","6/5/24","Other","702:Holiday",6,"Mix6",8,"","Phlox gracilis",30,20,"702","6/4/24"
"23747","6/5/24","RM","702:Holiday",6,"Mix3",12,"","Collinsia grandiflora",100,6,"702","6/4/24"
"23748","6/5/24","Other","702:Holiday",6,"Mix6",8,"","Madia gracilis",0.0763,13,"702","6/4/24"
"23749","6/5/24","Other","702:Holiday",6,"Mix6",12,"","Phlox gracilis",75,8,"702","6/4/24"
"24164","6/6/24","RM","605:Holiday",6,"Mix2",0,"","Phlox gracilis",3,1,"","6/6/24"
"24165","6/6/24","RM","605:Holiday",6,"Mix2",4,"","Phlox gracilis",3,1,"","6/6/24"
"24166","6/6/24","RM","605:Holiday",6,"Mix2",12,"","Collinsia grandiflora",1,2,"","6/6/24"
"24167","6/6/24","RM","605:Holiday",6,"Mix3",4,"","Collinsia grandiflora",4,7,"","6/6/24"
"24168","6/6/24","RM","605:Holiday",6,"Mix3",8,"","Collinsia grandiflora",4,1,"","6/6/24"
"24169","6/6/24","RM","605:Holiday",6,"Mix3",12,"","Collinsia grandiflora",5,9,"","6/6/24"
"24170","6/6/24","RM","605:Holiday",6,"Mix4",0,"","Madia gracilis",1,1,"","6/6/24"
"24171","6/6/24","RM","605:Holiday",6,"Mix4",4,"","Phlox gracilis",20,3,"","6/6/24"
"24172","6/6/24","RM","605:Holiday",6,"Mix5",0,"","Collinsia grandiflora",10,4,"","6/6/24"
"24173","6/6/24","RM","605:Holiday",6,"Mix5",0,"","Collinsia grandiflora",7,7,"","6/6/24"
"24174","6/6/24","RM","605:Holiday",6,"Mix6",8,"","Phlox gracilis",4,1,"","6/6/24"
"24718","6/11/24","RM","611:Holiday",6,"Mix1",4,"","Gilia capitata",1.5,2,"","6/11/24"
"24719","6/11/24","RM","611:Holiday",6,"Mix1",4,"","Senecio vulgaris",35,4,"vulgaris","6/11/24"
"24720","6/11/24","RM","611:Holiday",6,"Mix1",4,"","Clarkia purpurea",1,6,"","6/11/24"
"24721","6/11/24","RM","611:Holiday",6,"Mix1",8,"","Senecio vulgaris",13,6,"vulgaris","6/11/24"
"24722","6/11/24","RM","611:Holiday",6,"Mix1",8,"","Clarkia purpurea",1,2,"","6/11/24"
"24723","6/11/24","RM","611:Holiday",6,"Mix1",12,"","Phlox gracilis",3,6,"","6/11/24"
"24724","6/11/24","RM","611:Holiday",6,"Mix1",8,"","Gilia capitata",1,1,"","6/11/24"
"24725","6/11/24","RM","611:Holiday",6,"Mix1",12,"","Senecio vulgaris",3,1,"","6/11/24"
"24726","6/11/24","RM","611:Holiday",6,"Mix1",12,"","Senecio vulgaris",20,3,"vulgaris","6/11/24"
"24727","6/11/24","RM","611:Holiday",6,"Mix2",0,"","Collinsia grandiflora",5,3,"","6/11/24"
"24728","6/11/24","RM","611:Holiday",6,"Mix2",0,"","Senecio vulgaris",20,5,"vulgaris","6/11/24"
"24729","6/11/24","RM","611:Holiday",6,"Mix2",0,"","Phlox gracilis",6,8,"","6/11/24"
"24730","6/11/24","RM","611:Holiday",6,"Mix2",4,"","Phlox gracilis",11,5,"","6/11/24"
"24731","6/11/24","RM","611:Holiday",6,"Mix2",4,"","Collinsia grandiflora",1,1,"","6/11/24"
"24732","6/11/24","RM","611:Holiday",6,"Mix2",4,"","Senecio vulgaris",40,2,"","6/11/24"
"24733","6/11/24","RM","611:Holiday",6,"Mix2",0,"","Phacelia heterophylla",15,1,"","6/11/24"
"24734","6/11/24","RM","611:Holiday",6,"Mix2",8,"","Collinsia grandiflora",8,6,"","6/11/24"
"24735","6/11/24","RM","611:Holiday",6,"Mix2",8,"","Phlox gracilis",3,1,"","6/11/24"
"24736","6/11/24","RM","611:Holiday",6,"Mix2",12,"","Phlox gracilis",7,2,"","6/11/24"
"24737","6/11/24","RM","611:Holiday",6,"Mix2",12,"","Collinsia grandiflora",1,3,"","6/11/24"
"24738","6/11/24","RM","611:Holiday",6,"Mix3",0,"","Collomia heterophylla",5,6,"","6/11/24"
"24739","6/11/24","RM","611:Holiday",6,"Mix3",0,"","Collomia grandiflora",6,4,"","6/11/24"
"24740","6/11/24","RM","611:Holiday",6,"Mix3",0,"","Phacelia heterophylla",7,1,"","6/11/24"
"24741","6/11/24","RM","611:Holiday",6,"Mix3",4,"","Phacelia heterophylla",40,1,"","6/11/24"
"24742","6/11/24","RM","611:Holiday",6,"Mix3",4,"","Collinsia grandiflora",5,3,"","6/11/24"
"24743","6/11/24","RM","611:Holiday",6,"Mix3",4,"","Collomia heterophylla",8,2,"","6/11/24"
"24744","6/11/24","RM","611:Holiday",6,"Mix3",8,"","Collomia heterophylla",6,2,"","6/11/24"
"24745","6/11/24","RM","611:Holiday",6,"Mix3",8,"","Senecio vulgaris",40,2,"","6/11/24"
"24746","6/11/24","RM","611:Holiday",6,"Mix3",0,"","Collinsia grandiflora",5,2,"","6/11/24"
"24747","6/11/24","RM","611:Holiday",6,"Mix3",12,"","Collomia heterophylla",12,1,"","6/11/24"
"24748","6/11/24","RM","611:Holiday",6,"Mix3",12,"","Senecio vulgaris",30,2,"vulgaris","6/11/24"
"24749","6/11/24","RM","611:Holiday",6,"Mix6",0,"","Leucanthemum vulgare",5,1,"","6/11/24"
"24750","6/11/24","RM","611:Holiday",6,"Mix6",0,"","Collomia heterophylla",6,2,"","6/11/24"
"24751","6/11/24","RM","611:Holiday",6,"Mix6",4,"","Collomia heterophylla",3,2,"","6/11/24"
"24752","6/11/24","RM","611:Holiday",6,"Mix6",4,"","Leucanthemum vulgare",4,1,"","6/11/24"
"24753","6/11/24","RM","611:Holiday",6,"Mix6",4,"","Senecio vulgaris",620,2,"","6/11/24"
"24754","6/11/24","RM","611:Holiday",6,"Mix6",8,"","Collomia heterophylla",1,1,"","6/11/24"
"24755","6/11/24","RM","611:Holiday",6,"Mix6",8,"","Collinsia grandiflora",0.5,8,"","6/11/24"
"24756","6/11/24","RM","611:Holiday",6,"Mix6",12,"","Gilia capitata",1,1,"","6/11/24"
"24757","6/11/24","RM","611:Holiday",6,"Mix6",12,"","Phlox gracilis",0.2,10,"","6/11/24"
"24758","6/11/24","RM","611:Holiday",6,"Mix5",0,"","Collomia heterophylla",2,1,"","6/11/24"
"24759","6/11/24","RM","611:Holiday",6,"Mix5",0,"","Collinsia grandiflora",10,3,"","6/11/24"
"24760","6/11/24","RM","611:Holiday",6,"Mix5",4,"","Collomia grandiflora",2,1,"","6/11/24"
"24761","6/11/24","RM","611:Holiday",6,"Mix5",8,"","Collinsia grandiflora",13,6,"","6/11/24"
"24762","6/11/24","RM","611:Holiday",6,"Mix5",12,"","Collinsia grandiflora",7,3,"","6/11/24"
"24763","6/11/24","RM","611:Holiday",6,"Mix5",12,"","Collomia heterophylla",7,2,"","6/11/24"
"24764","6/11/24","RM","611:Holiday",6,"Mix4",0,"","Phlox gracilis",5,4,"","6/11/24"
"24765","6/11/24","RM","611:Holiday",6,"Mix4",0,"","Clarkia purpurea",1,3,"","6/11/24"
"24766","6/11/24","RM","611:Holiday",6,"Mix4",8,"","Clarkia purpurea",3,1,"","6/11/24"
"24767","6/11/24","RM","611:Holiday",6,"Mix4",8,"","Collomia heterophylla",7,5,"","6/11/24"
"24768","6/11/24","RM","611:Holiday",6,"Mix1",4,"","Collomia heterophylla",10,6,"","6/11/24"
"24769","6/11/24","RM","611:Holiday",6,"Mix1",0,"","Collomia heterophylla",8,1,"","6/11/24"
"24770","6/11/24","RM","611:Holiday",6,"Mix1",8,"","Collomia heterophylla",4,8,"","6/11/24"
"24904","6/12/24","RM","704:Holiday",6,"Mix4",0,"","Phlox gracilis",2,11,"704","6/12/24"
"24905","6/12/24","RM","704:Holiday",6,"Mix4",4,"","Phlox gracilis",0.5,4,"704","6/12/24"
"24906","6/12/24","RM","704:Holiday",6,"Mix4",8,"","Phlox gracilis",2,7,"704","6/12/24"
"24907","6/12/24","RM","704:Holiday",6,"Mix4",12,"","Phlox gracilis",0.4,10,"704","6/12/24"
"24908","6/12/24","RM","704:Holiday",6,"Mix6",0,"","Phlox gracilis",1,3,"704","6/12/24"
"24909","6/12/24","RM","704:Holiday",6,"Mix6",0,"","Collinsia grandiflora",10,1,"704","6/12/24"
"24910","6/12/24","RM","704:Holiday",6,"Mix6",4,"","Phlox gracilis",2,6,"704","6/12/24"
"24911","6/12/24","RM","704:Holiday",6,"Mix6",8,"","Collinsia grandiflora",2,5,"704","6/12/24"
"24912","6/12/24","RM","704:Holiday",6,"Mix6",12,"","Phlox gracilis",0.5,6,"704","6/12/24"
"24913","6/12/24","RM","704:Holiday",6,"Mix5",0,"","Collinsia grandiflora",8,11,"704","6/12/24"
"24914","6/12/24","RM","704:Holiday",6,"Mix5",4,"","Collinsia grandiflora",9,10,"704","6/12/24"
"24915","6/12/24","RM","704:Holiday",6,"Mix5",8,"","Collinsia grandiflora",20,3,"704","6/12/24"
"24916","6/12/24","RM","704:Holiday",6,"Mix5",12,"","Collinsia grandiflora",7,8,"704","6/12/24"
"24918","6/12/24","RM","704:Holiday",6,"Mix3",0,"","Collinsia grandiflora",10,9,"704","6/12/24"
"24920","6/12/24","RM","704:Holiday",6,"Mix3",4,"","Collinsia grandiflora",9,4,"704","6/12/24"
"24921","6/12/24","RM","704:Holiday",6,"Mix3",8,"","Collinsia grandiflora",6,10,"704","6/12/24"
"24922","6/12/24","RM","704:Holiday",6,"Mix3",12,"","Collinsia grandiflora",12,3,"704","6/12/24"
"24924","6/12/24","RM","704:Holiday",6,"Mix2",0,"","Collinsia grandiflora",6,8,"704","6/12/24"
"24925","6/12/24","RM","704:Holiday",6,"Mix2",0,"","Phlox gracilis",1,3,"704","6/12/24"
"24927","6/12/24","RM","704:Holiday",6,"Mix2",0,"","Madia gracilis",0.2,10,"704","6/12/24"
"24928","6/12/24","RM","704:Holiday",6,"Mix2",4,"","Collinsia grandiflora",12,9,"704","6/12/24"
"24929","6/12/24","RM","704:Holiday",6,"Mix2",4,"","Madia gracilis",0.25,12,"704","6/12/24"
"24930","6/12/24","RM","704:Holiday",6,"Mix2",4,"","Phlox gracilis",2,1,"704","6/12/24"
"24931","6/12/24","RM","704:Holiday",6,"Mix2",8,"","Collinsia grandiflora",14,7,"704","6/12/24"
"24933","6/12/24","RM","704:Holiday",6,"Mix2",8,"","Phlox gracilis",1,1,"704","6/12/24"
"24934","6/12/24","RM","704:Holiday",6,"Mix2",12,"","Collinsia grandiflora",12,6,"704","6/12/24"
"24935","6/12/24","RM","704:Holiday",6,"Mix2",12,"","Phlox gracilis",1,3,"704","6/12/24"
"24938","6/12/24","RM","704:Holiday",6,"Mix6",12,"","Madia gracilis",0.2,10,"704","6/12/24"
"25471","6/20/24","RM","604:Holiday",6,"Mix1",0,"","Gilia capitata",1.5,18,"","6/20/24"
"25473","6/20/24","RM","604:Holiday",6,"Mix1",0,"","Senecio sylvaticus",13,1,"","6/20/24"
"25474","6/20/24","RM","604:Holiday",6,"Mix1",0,"","Crepis setosa",13,1,"setosa","6/20/24"
"25475","6/20/24","RM","604:Holiday",6,"Mix1",8,"","Senecio sylvaticus",7,12,"setosa","6/20/24"
"25477","6/20/24","RM","604:Holiday",6,"Mix1",8,"","Clarkia purpurea",2,5,"setosa","6/20/24"
"25478","6/20/24","RM","604:Holiday",6,"Mix1",8,"","Gilia capitata",2,7,"setosa","6/20/24"
"25482","6/20/24","RM","604:Holiday",6,"Mix1",4,"","Gilia capitata",1.5,14,"","6/20/24"
"25485","6/20/24","RM","604:Holiday",6,"Mix1",4,"","Clarkia purpurea",0.5,12,"","6/20/24"
"25489","6/20/24","RM","604:Holiday",6,"Mix1",0,"","Clarkia purpurea",1,9,"","6/20/24"
"25490","6/20/24","RM","604:Holiday",6,"Mix1",0,"","Clarkia amoena",0.25,4,"","6/20/24"
"25491","6/20/24","RM","604:Holiday",6,"Mix1",4,"","Clarkia purpurea",1.5,12,"","6/20/24"
"25492","6/20/24","RM","604:Holiday",6,"Mix1",12,"","Clarkia purpurea",2,2,"","6/20/24"
"25493","6/20/24","RM","604:Holiday",6,"Mix1",12,"","Gilia capitata",3,3,"","6/20/24"
"25495","6/20/24","RM","604:Holiday",6,"Mix1",12,"","Senecio sylvaticus",6,4,"","6/20/24"
"25497","6/20/24","RM","604:Holiday",6,"Mix2",0,"","Collomia grandiflora",0.3,9,"","6/20/24"
"25499","6/20/24","RM","604:Holiday",6,"Mix2",0,"","Madia gracilis",1.5,10,"","6/20/24"
"25501","6/20/24","RM","604:Holiday",6,"Mix2",0,"","Collinsia grandiflora",2,5,"","6/20/24"
"25502","6/20/24","RM","604:Holiday",6,"Mix2",0,"","Senecio sylvaticus",16,5,"","6/20/24"
"25505","6/20/24","RM","604:Holiday",6,"Mix2",4,"","Collomia grandiflora",2,4,"","6/20/24"
"25506","6/20/24","RM","604:Holiday",6,"Mix2",4,"","Gilia capitata",1,1,"","6/20/24"
"25507","6/20/24","RM","604:Holiday",6,"Mix2",0,"","Madia gracilis",0.25,8,"","6/20/24"
"25509","6/20/24","RM","604:Holiday",6,"Mix2",4,"","Collinsia grandiflora",1,5,"","6/20/24"
"25511","6/20/24","RM","604:Holiday",6,"Mix2",8,"","Madia gracilis",0.25,20,"","6/20/24"
"25514","6/20/24","RM","604:Holiday",6,"Mix2",0,"","Collomia grandiflora",0.25,16,"","6/20/24"
"25516","6/20/24","RM","604:Holiday",6,"Mix2",8,"","Collinsia grandiflora",4,8,"","6/20/24"
"25517","6/20/24","RM","604:Holiday",6,"Mix2",8,"","Senecio sylvaticus",13,3,"","6/20/24"
"25518","6/20/24","RM","604:Holiday",6,"Mix2",12,"","Collomia grandiflora",7,1,"","6/20/24"
"25520","6/20/24","RM","604:Holiday",6,"Mix2",12,"","Madia gracilis",0.5,2,"","6/20/24"
"25522","6/20/24","RM","604:Holiday",6,"Mix2",12,"","Senecio sylvaticus",12,2,"","6/20/24"
"25524","6/20/24","RM","604:Holiday",6,"Mix2",12,"","Hypochaeris radicata",1,2,"","6/20/24"
"25529","6/20/24","RM","604:Holiday",6,"Mix3",0,"","Collomia grandiflora",1,18,"","6/20/24"
"25531","6/20/24","RM","604:Holiday",6,"Mix3",0,"11","holcus lanatus",120,11,"hocus lanatus","6/20/24"
"25532","6/20/24","RM","604:Holiday",6,"Mix3",0,"","holcus lanatus",3,3,"setosa","6/20/24"
"25534","6/20/24","RM","604:Holiday",6,"Mix3",0,"","holcus lanatus",4,5,"setosa","6/20/24"
"25535","6/20/24","RM","604:Holiday",6,"Mix3",0,"","holcus lanatus",2,9,"setosa","6/20/24"
"25538","6/20/24","RM","604:Holiday",6,"Mix3",4,"","holcus lanatus",3,12,"setosa","6/20/24"
"25540","6/20/24","RM","604:Holiday",6,"Mix3",4,"","Collomia grandiflora",5,12,"setosa","6/20/24"
"25542","6/20/24","RM","604:Holiday",6,"Mix3",4,"","Hypochaeris radicata",4,2,"setosa","6/20/24"
"25543","6/20/24","RM","604:Holiday",6,"Mix3",8,"","Gilia capitata",1,10,"","6/20/24"
"25544","6/20/24","RM","604:Holiday",6,"Mix3",4,"","Collomia grandiflora",3,17,"","6/20/24"
"25547","6/20/24","RM","604:Holiday",6,"Mix3",8,"","Collinsia grandiflora",3,3,"","6/20/24"
"25548","6/20/24","RM","604:Holiday",6,"Mix3",8,"","Hypochaeris radicata",3,2,"","6/20/24"
"25549","6/20/24","RM","604:Holiday",6,"Mix3",8,"","Senecio sylvaticus",35,1,"","6/20/24"
"25551","6/20/24","RM","604:Holiday",6,"Mix3",8,"5","holcus lanatus",350,5,"hocus lanatus","6/20/24"
"25553","6/20/24","RM","604:Holiday",6,"Mix3",12,"","Crepis setosa",2,1,"setosa","6/20/24"
"25554","6/20/24","RM","604:Holiday",6,"Mix3",12,"","Senecio sylvaticus",23,4,"","6/20/24"
"25556","6/20/24","RM","604:Holiday",6,"Mix3",12,"","Collomia grandiflora",1,9,"","6/20/24"
"25557","6/20/24","RM","604:Holiday",6,"Mix3",12,"","Gilia capitata",2,5,"","6/20/24"
"25562","6/20/24","RM","604:Holiday",6,"Mix4",0,"","Crepis setosa",39,1,"setosa","6/20/24"
"25574","6/20/24","RM","604:Holiday",6,"Mix4",0,"","Madia gracilis",0.25,4,"","6/20/24"
"25576","6/20/24","RM","604:Holiday",6,"Mix4",0,"","Clarkia amoena",0.15,6,"","6/20/24"
"25580","6/20/24","RM","604:Holiday",6,"Mix4",4,"","Madia gracilis",1.5,12,"","6/20/24"
"25582","6/20/24","RM","604:Holiday",6,"Mix4",4,"","Phacelia heterophylla",9,1,"","6/20/24"
"25583","6/20/24","RM","604:Holiday",6,"Mix4",4,"","Hypochaeris radicata",4,3,"","6/20/24"
"25584","6/20/24","RM","604:Holiday",6,"Mix4",4,"","Clarkia purpurea",1,7,"","6/20/24"
"25587","6/20/24","RM","604:Holiday",6,"Mix4",4,"","Senecio sylvaticus",4,4,"","6/20/24"
"25593","6/20/24","RM","604:Holiday",6,"Mix4",8,"","Clarkia amoena",0.5,6,"","6/20/24"
"25595","6/20/24","RM","604:Holiday",6,"Mix4",8,"","Madia gracilis",1.5,8,"","6/20/24"
"25597","6/20/24","RM","604:Holiday",6,"Mix4",8,"","Hypochaeris radicata",5,3,"","6/20/24"
"25599","6/20/24","RM","604:Holiday",6,"Mix4",8,"","Senecio sylvaticus",11,5,"","6/20/24"
"25600","6/20/24","RM","604:Holiday",6,"Mix4",8,"","Clarkia amoena",0.5,4,"","6/20/24"
"25602","6/20/24","RM","604:Holiday",6,"Mix4",12,"","Madia gracilis",1.5,12,"","6/20/24"
"25603","6/20/24","RM","604:Holiday",6,"Mix4",12,"","Clarkia purpurea",0.3,9,"","6/20/24"
"25609","6/20/24","RM","604:Holiday",6,"Mix5",0,"","Collomia grandiflora",10,8,"","6/20/24"
"25610","6/20/24","RM","604:Holiday",6,"Mix5",0,"","Hypochaeris radicata",9,2,"","6/20/24"
"25613","6/20/24","RM","604:Holiday",6,"Mix5",0,"","Crepis setosa",3,1,"setosa","6/20/24"
"25614","6/20/24","RM","604:Holiday",6,"Mix5",0,"8","holcus lanatus",90,8,"holcus lanatus","6/20/24"
"25618","6/20/24","RM","604:Holiday",6,"Mix5",0,"","Clarkia purpurea",2,10,"","6/20/24"
"25619","6/20/24","RM","604:Holiday",6,"Mix5",0,"","Phacelia heterophylla",4,2,"","6/20/24"
"25620","6/20/24","RM","604:Holiday",6,"Mix5",0,"","Senecio sylvaticus",5,3,"","6/20/24"
"25621","6/20/24","RM","604:Holiday",6,"Mix5",0,"","Collinsia grandiflora",4,3,"","6/20/24"
"25622","6/20/24","RM","604:Holiday",6,"Mix5",4,"7","holcus lanatus",200,7,"holcus lanatus","6/20/24"
"25624","6/20/24","RM","604:Holiday",6,"Mix5",4,"","Senecio sylvaticus",21,1,"","6/20/24"
"25625","6/20/24","RM","604:Holiday",6,"Mix5",4,"","Collomia grandiflora",12,6,"","6/20/24"
"25626","6/20/24","RM","604:Holiday",6,"Mix5",4,"","Collinsia grandiflora",5,3,"","6/20/24"
"25632","6/20/24","RM","604:Holiday",6,"Mix5",4,"","Clarkia purpurea",5,8,"","6/20/24"
"25637","6/20/24","RM","604:Holiday",6,"Mix5",8,"11","holcus lanatus",130,11,"holcus lanatus","6/20/24"
"25638","6/20/24","RM","604:Holiday",6,"Mix5",8,"","Collinsia grandiflora",4,3,"","6/20/24"
"25639","6/20/24","RM","604:Holiday",6,"Mix5",8,"","Clarkia purpurea",2,11,"","6/20/24"
"25640","6/20/24","RM","604:Holiday",6,"Mix5",8,"","Collomia grandiflora",11,1,"","6/20/24"
"25653","6/20/24","RM","604:Holiday",6,"Mix5",12,"","Crepis setosa",15,1,"setosa","6/20/24"
"25655","6/20/24","RM","604:Holiday",6,"Mix5",12,"","Clarkia purpurea",2,12,"","6/20/24"
"25656","6/20/24","RM","604:Holiday",6,"Mix5",12,"5","holcus lanatus",160,5,"holcus lanatus","6/20/24"
"25661","6/20/24","RM","604:Holiday",6,"Mix6",0,"","Gilia capitata",2,6,"","6/20/24"
"25663","6/20/24","RM","604:Holiday",6,"Mix6",0,"","Madia gracilis",0.3,9,"","6/20/24"
"25666","6/20/24","RM","604:Holiday",6,"Mix6",0,"","Senecio sylvaticus",33,1,"","6/20/24"
"25669","6/20/24","RM","604:Holiday",6,"Mix6",4,"","Gilia capitata",2,11,"","6/20/24"
"25670","6/20/24","RM","604:Holiday",6,"Mix6",4,"","Madia gracilis",0.5,14,"","6/20/24"
"25671","6/20/24","RM","604:Holiday",6,"Mix6",4,"2","holcus lanatus",140,2,"holcus lanatus","6/20/24"
"25673","6/20/24","RM","604:Holiday",6,"Mix6",8,"","Gilia capitata",4,6,"","6/20/24"
"25675","6/20/24","RM","604:Holiday",6,"Mix6",8,"","Senecio sylvaticus",34,1,"","6/20/24"
"25677","6/20/24","RM","604:Holiday",6,"Mix6",8,"9","holcus lanatus",150,9,"holcus lanatus","6/20/24"
"25678","6/20/24","RM","604:Holiday",6,"Mix6",12,"","Collomia grandiflora",29,1,"","6/20/24"
"25680","6/20/24","RM","604:Holiday",6,"Mix6",12,"","Gilia capitata",4,8,"","6/20/24"
"25681","6/20/24","RM","604:Holiday",6,"Mix6",12,"","Senecio sylvaticus",31,1,"","6/20/24"
"26062","6/21/24","RM","705:Holiday",6,"Mix1",4,"","Gilia capitata",0.5,6,"705","6/21/24"
"26063","6/21/24","RM","705:Holiday",6,"Mix1",8,"","Gilia capitata",0.5,8,"705","6/21/24"
"26064","6/21/24","RM","705:Holiday",6,"Mix1",8,"","Senecio sylvaticus",4,5,"705","6/21/24"
"26065","6/21/24","RM","705:Holiday",6,"Mix1",12,"","Gilia capitata",0.25,8,"705","6/21/24"
"26066","6/21/24","RM","705:Holiday",6,"Mix2",0,"","Collinsia grandiflora",6,6,"705","6/21/24"
"26067","6/21/24","RM","705:Holiday",6,"Mix2",0,"","Collomia grandiflora",5,5,"705","6/21/24"
"26068","6/21/24","RM","705:Holiday",6,"Mix2",4,"","Senecio sylvaticus",4,4,"705","6/21/24"
"26069","6/21/24","RM","705:Holiday",6,"Mix2",8,"","Collinsia grandiflora",4,4,"705","6/21/24"
"26070","6/21/24","RM","705:Holiday",6,"Mix2",8,"","Senecio sylvaticus",6,4,"705","6/21/24"
"26071","6/21/24","RM","705:Holiday",6,"Mix2",12,"","Senecio sylvaticus",5,4,"705","6/21/24"
"26072","6/21/24","RM","705:Holiday",6,"Mix3",0,"","Collomia grandiflora",0.1,10,"705","6/21/24"
"26073","6/21/24","RM","705:Holiday",6,"Mix3",0,"","Collinsia grandiflora",9,5,"705","6/21/24"
"26074","6/21/24","RM","705:Holiday",6,"Mix3",0,"","Gilia capitata",1,3,"705","6/21/24"
"26075","6/21/24","RM","705:Holiday",6,"Mix3",4,"","Gilia capitata",0.75,16,"705","6/21/24"
"26076","6/21/24","RM","705:Holiday",6,"Mix3",4,"","Collinsia grandiflora",4,7,"705","6/21/24"
"26077","6/21/24","RM","705:Holiday",6,"Mix3",12,"","Gilia capitata",0.5,8,"705","6/21/24"
"26078","6/21/24","RM","705:Holiday",6,"Mix3",12,"","Collomia grandiflora",1,10,"705","6/21/24"
"26079","6/21/24","RM","705:Holiday",6,"Mix3",12,"","Collinsia grandiflora",4,6,"705","6/21/24"
"26080","6/21/24","RM","705:Holiday",6,"Mix4",0,"","Clarkia purpurea",1,2,"705","6/21/24"
"26081","6/21/24","RM","705:Holiday",6,"Mix5",0,"","Collomia grandiflora",1.5,8,"705","6/21/24"
"26082","6/21/24","RM","705:Holiday",6,"Mix5",0,"","Collinsia grandiflora",2,7,"705","6/21/24"
"26083","6/21/24","RM","705:Holiday",6,"Mix5",4,"","Collinsia grandiflora",1,4,"705","6/21/24"
"26084","6/21/24","RM","705:Holiday",6,"Mix5",4,"","Collinsia grandiflora",1,4,"705","6/21/24"
"26085","6/21/24","RM","705:Holiday",6,"Mix5",4,"","Senecio sylvaticus",30,1,"705","6/21/24"
"26086","6/21/24","RM","705:Holiday",6,"Mix5",8,"","Collinsia grandiflora",1,24,"705","6/21/24"
"26087","6/21/24","RM","705:Holiday",6,"Mix5",8,"","Clarkia purpurea",1,3,"705","6/21/24"
"26088","6/21/24","RM","705:Holiday",6,"Mix5",8,"","Collinsia grandiflora",2,3,"705","6/21/24"
"26089","6/21/24","RM","705:Holiday",6,"Mix5",12,"","Collinsia grandiflora",3,2,"705","6/21/24"
"26090","6/21/24","RM","705:Holiday",6,"Mix5",12,"","Collomia grandiflora",1.5,14,"705","6/21/24"
"26091","6/21/24","RM","705:Holiday",6,"Mix5",12,"","Clarkia purpurea",0.5,8,"705","6/21/24"
"26092","6/21/24","RM","705:Holiday",6,"Mix6",0,"","Senecio sylvaticus",2,3,"705","6/21/24"
"26093","6/21/24","RM","705:Holiday",6,"Mix6",4,"","Senecio sylvaticus",1,2,"705","6/21/24"
"26094","6/21/24","RM","705:Holiday",6,"Mix6",4,"","Gilia capitata",1,6,"705","6/21/24"
"26095","6/21/24","RM","705:Holiday",6,"Mix6",12,"","Gilia capitata",1,6,"705","6/21/24"
"26096","6/21/24","RM","705:Holiday",6,"Mix6",12,"","Senecio sylvaticus",3,2,"705","6/21/24"
"26101","6/24/24","RM","700:Holiday",6,"Mix1",0,"","Gilia capitata",1,18,"700","6/21/24"
"26103","6/24/24","RM","700:Holiday",6,"Mix1",0,"","Clarkia purpurea",1,8,"700","6/21/24"
"26104","6/24/24","RM","700:Holiday",6,"Mix1",4,"","Clarkia purpurea",0.75,12,"700","6/21/24"
"26107","6/24/24","RM","700:Holiday",6,"Mix1",4,"","Gilia capitata",1.5,16,"700","6/21/24"
"26109","6/24/24","RM","700:Holiday",6,"Mix1",4,"","Senecio sylvaticus",12,1,"700","6/21/24"
"26113","6/24/24","RM","700:Holiday",6,"Mix1",8,"","Gilia capitata",2,12,"700","6/21/24"
"26116","6/24/24","RM","700:Holiday",6,"Mix1",8,"","Clarkia purpurea",1,2,"700","6/21/24"
"26117","6/24/24","RM","700:Holiday",6,"Mix1",12,"","Clarkia purpurea",1,2,"700","6/21/24"
"26118","6/24/24","RM","700:Holiday",6,"Mix1",12,"","Gilia capitata",4,10,"700","6/21/24"
"26123","6/24/24","RM","700:Holiday",6,"Mix2",0,"","Collomia grandiflora",6,20,"700","6/21/24"
"26126","6/24/24","RM","700:Holiday",6,"Mix2",0,"","Collinsia grandiflora",4,12,"700","6/21/24"
"26128","6/24/24","RM","700:Holiday",6,"Mix2",0,"","Senecio sylvaticus",15,1,"700","6/21/24"
"26132","6/24/24","RM","700:Holiday",6,"Mix2",4,"","Collomia heterophylla",13,8,"700","6/21/24"
"26136","6/24/24","RM","700:Holiday",6,"Mix2",4,"","Collinsia grandiflora",11,8,"700","6/21/24"
"26139","6/24/24","RM","700:Holiday",6,"Mix2",8,"","Collomia grandiflora",17,6,"700","6/21/24"
"26140","6/24/24","RM","700:Holiday",6,"Mix2",8,"","Senecio sylvaticus",7,4,"700","6/21/24"
"26143","6/24/24","RM","700:Holiday",6,"Mix2",8,"","Collinsia grandiflora",5,4,"700","6/21/24"
"26144","6/24/24","RM","700:Holiday",6,"Mix2",8,"","Phlox gracilis",6,1,"700","6/21/24"
"26145","6/24/24","RM","700:Holiday",6,"Mix2",12,"","Collomia grandiflora",11,10,"700","6/21/24"
"26146","6/24/24","RM","700:Holiday",6,"Mix3",0,"","Collomia grandiflora",2,5,"700","6/21/24"
"26148","6/24/24","RM","700:Holiday",6,"Mix3",0,"","Gilia capitata",1,5,"700","6/21/24"
"26149","6/24/24","RM","700:Holiday",6,"Mix3",0,"","Collinsia grandiflora",3,5,"700","6/21/24"
"26150","6/24/24","RM","700:Holiday",6,"Mix3",4,"","Collinsia grandiflora",3,3,"700","6/21/24"
"26152","6/24/24","RM","700:Holiday",6,"Mix3",4,"","Collomia grandiflora",0.5,6,"700","6/21/24"
"26153","6/24/24","RM","700:Holiday",6,"Mix3",4,"","Gilia capitata",1.5,12,"700","6/21/24"
"26154","6/24/24","RM","700:Holiday",6,"Mix3",8,"","Collinsia grandiflora",5,4,"700","6/21/24"
"26156","6/24/24","RM","700:Holiday",6,"Mix3",8,"","Gilia capitata",5,7,"700","6/21/24"
"26157","6/24/24","RM","700:Holiday",6,"Mix3",8,"","Collinsia grandiflora",0.5,6,"700","6/21/24"
"26159","6/24/24","RM","700:Holiday",6,"Mix3",12,"","Collinsia grandiflora",7,4,"700","6/21/24"
"26160","6/24/24","RM","700:Holiday",6,"Mix3",12,"","Gilia capitata",2,11,"700","6/21/24"
"26166","6/24/24","RM","700:Holiday",6,"Mix4",4,"","Clarkia purpurea",1,4,"700","6/21/24"
"26170","6/24/24","RM","700:Holiday",6,"Mix4",8,"","Clarkia purpurea",1,6,"700","6/21/24"
"26174","6/24/24","RM","700:Holiday",6,"Mix4",12,"","Clarkia purpurea",0.5,16,"700","6/21/24"
"26179","6/24/24","RM","700:Holiday",6,"Mix5",0,"","Phacelia heterophylla",2,3,"700","6/21/24"
"26180","6/24/24","RM","700:Holiday",6,"Mix5",0,"","Clarkia purpurea",1,5,"700","6/21/24"
"26182","6/24/24","RM","700:Holiday",6,"Mix5",0,"","Collinsia grandiflora",9,5,"700","6/21/24"
"26186","6/24/24","RM","700:Holiday",6,"Mix5",4,"","Collinsia grandiflora",9,11,"700","6/21/24"
"26187","6/24/24","RM","700:Holiday",6,"Mix5",4,"","Phacelia heterophylla",10,2,"700","6/21/24"
"26190","6/24/24","RM","700:Holiday",6,"Mix5",4,"","Collomia grandiflora",10,3,"700","6/21/24"
"26192","6/24/24","RM","700:Holiday",6,"Mix5",4,"","Senecio sylvaticus",7,5,"700","6/21/24"
"26194","6/24/24","RM","700:Holiday",6,"Mix5",4,"","Clarkia purpurea",1,4,"700","6/21/24"
"26197","6/24/24","RM","700:Holiday",6,"Mix5",8,"","Collinsia grandiflora",13,6,"700","6/21/24"
"26201","6/24/24","RM","700:Holiday",6,"Mix5",8,"","Clarkia purpurea",1.5,14,"700","6/21/24"
"26203","6/24/24","RM","700:Holiday",6,"Mix5",8,"","Collomia grandiflora",1,4,"700","6/21/24"
"26204","6/24/24","RM","700:Holiday",6,"Mix5",8,"","Senecio sylvaticus",9,3,"700","6/21/24"
"26207","6/24/24","RM","700:Holiday",6,"Mix5",12,"","Collinsia grandiflora",20,6,"700","6/21/24"
"26208","6/24/24","RM","700:Holiday",6,"Mix5",12,"","Collomia grandiflora",9,4,"700","6/21/24"
"26209","6/24/24","RM","700:Holiday",6,"Mix5",12,"","Clarkia purpurea",7,3,"700","6/21/24"
"26210","6/24/24","RM","700:Holiday",6,"Mix5",12,"","Senecio sylvaticus",11,5,"700","6/21/24"
"26212","6/24/24","RM","700:Holiday",6,"Mix6",0,"","Gilia capitata",12,15,"700","6/21/24"
"26213","6/24/24","RM","700:Holiday",6,"Mix6",0,"","Senecio sylvaticus",10,4,"700","6/21/24"
"26216","6/24/24","RM","700:Holiday",6,"Mix6",4,"","Gilia capitata",25,9,"700","6/21/24"
"26218","6/24/24","RM","700:Holiday",6,"Mix6",8,"","Gilia capitata",26,8,"700","6/21/24"
"26219","6/24/24","RM","700:Holiday",6,"Mix6",8,"","Senecio sylvaticus",23,5,"700","6/21/24"
"26222","6/24/24","RM","700:Holiday",6,"Mix6",12,"","Gilia capitata",21,7,"700","6/21/24"
"26223","6/24/24","RM","700:Holiday",6,"Mix6",12,"","Senecio sylvaticus",15,8,"700","6/21/24"
"26225","6/24/24","RM","700:Holiday",6,"Mix6",8,"","Clarkia purpurea",1,3,"700","6/21/24"
"26229","6/24/24","RM","700:Holiday",6,"Mix6",8,"","Phacelia heterophylla",19,4,"700","6/21/24"
"26363","6/25/24","RM","607:Holiday",6,"Mix4",0,"","Clarkia amoena",1.5,6,"","6/24/24"
"26364","6/25/24","RM","607:Holiday",6,"Mix4",4,"","Clarkia amoena",1,4,"","6/24/24"
"26365","6/25/24","RM","607:Holiday",6,"Mix4",8,"","Clarkia amoena",3,5,"","6/24/24"
"26366","6/25/24","RM","607:Holiday",6,"Mix1",8,"","Clarkia amoena",1,7,"","6/24/24"
"26367","6/25/24","RM","607:Holiday",6,"Mix1",12,"","Clarkia amoena",2,5,"","6/24/24"
"26368","6/24/24","RM","700:Holiday",6,"Mix6",0,"","Madia gracilis",NA,5,"700","6/24/24"
"26369","6/24/24","RM","700:Holiday",6,"Mix6",4,"","Madia gracilis",1,6,"700","6/24/24"
"26370","6/24/24","RM","700:Holiday",6,"Mix6",8,"","Madia gracilis",1,3,"700","6/24/24"
"26371","6/24/24","RM","700:Holiday",6,"Mix6",12,"","Madia gracilis",2,2,"700","6/24/24"
"26372","6/24/24","RM","700:Holiday",6,"Mix3",4,"","Madia gracilis",2,3,"700","6/24/24"
"26373","6/24/24","RM","700:Holiday",6,"Mix2",0,"","Madia gracilis",1,12,"700","6/24/24"
"26374","6/24/24","RM","700:Holiday",6,"Mix2",4,"","Madia gracilis",1,8,"700","6/24/24"
"26375","6/24/24","RM","700:Holiday",6,"Mix2",8,"","Madia gracilis",1,9,"700","6/24/24"
"26376","6/24/24","RM","700:Holiday",6,"Mix2",12,"","Madia gracilis",2,6,"700","6/24/24"
"26377","6/25/24","RM","607:Holiday",6,"Mix6",0,"","Madia gracilis",1,9,"","6/24/24"
"26378","6/25/24","RM","607:Holiday",6,"Mix6",0,"","Gilia capitata",3,6,"","6/24/24"
"26379","6/25/24","RM","607:Holiday",6,"Mix6",4,"","Senecio sylvaticus",30,7,"","6/24/24"
"26380","6/25/24","RM","607:Holiday",6,"Mix6",4,"","Gilia capitata",6,2,"","6/24/24"
"26381","6/25/24","RM","607:Holiday",6,"Mix6",4,"","Madia gracilis",1,7,"","6/24/24"
"26382","6/25/24","RM","607:Holiday",6,"Mix6",8,"","Gilia capitata",2.5,10,"","6/24/24"
"26383","6/25/24","RM","607:Holiday",6,"Mix6",8,"","Madia gracilis",2,7,"","6/24/24"
"26384","6/25/24","RM","607:Holiday",6,"Mix6",8,"","Senecio sylvaticus",20,3,"","6/24/24"
"26386","6/25/24","RM","607:Holiday",6,"Mix6",12,"","Gilia capitata",7,11,"","6/24/24"
"26387","6/25/24","RM","607:Holiday",6,"Mix6",12,"","Madia gracilis",2,2,"","6/24/24"
"26388","6/25/24","RM","607:Holiday",6,"Mix6",12,"","Hypochaeris radicata",1,1,"","6/24/24"
"26389","6/25/24","RM","607:Holiday",6,"Mix6",12,"","Senecio sylvaticus",40,4,"","6/24/24"
"26395","6/25/24","RM","607:Holiday",6,"Mix5",0,"","Senecio sylvaticus",30,12,"","6/24/24"
"26397","6/25/24","RM","607:Holiday",6,"Mix5",0,"","Collomia grandiflora",1,7,"","6/24/24"
"26399","6/25/24","RM","607:Holiday",6,"Mix5",0,"","Collinsia grandiflora",1,5,"","6/24/24"
"26401","6/25/24","RM","607:Holiday",6,"Mix5",4,"","Collinsia grandiflora",4,6,"","6/24/24"
"26402","6/25/24","RM","607:Holiday",6,"Mix5",4,"","Senecio sylvaticus",45,7,"","6/24/24"
"26403","6/25/24","RM","607:Holiday",6,"Mix5",4,"","Collomia grandiflora",4,8,"","6/24/24"
"26405","6/25/24","RM","607:Holiday",6,"Mix5",4,"","Clarkia purpurea",2,7,"","6/24/24"
"26406","6/25/24","RM","607:Holiday",6,"Mix5",4,"","Leucanthemum vulgare",15,1,"","6/24/24"
"26408","6/25/24","RM","607:Holiday",6,"Mix5",8,"","Collinsia grandiflora",3,4,"","6/24/24"
"26409","6/25/24","RM","607:Holiday",6,"Mix5",8,"","Senecio sylvaticus",50,7,"","6/24/24"
"26411","6/25/24","RM","607:Holiday",6,"Mix5",8,"","Collomia grandiflora",8,8,"","6/24/24"
"26413","6/25/24","RM","607:Holiday",6,"Mix5",8,"","Clarkia purpurea",1,7,"","6/24/24"
"26414","6/25/24","RM","607:Holiday",6,"Mix5",12,"","Collinsia grandiflora",4,3,"","6/24/24"
"26415","6/25/24","RM","607:Holiday",6,"Mix5",12,"","Senecio sylvaticus",60,4,"","6/24/24"
"26417","6/25/24","RM","607:Holiday",6,"Mix5",12,"","Collomia grandiflora",11,6,"","6/24/24"
"26418","6/25/24","RM","607:Holiday",6,"Mix5",12,"","Clarkia purpurea",5,2,"","6/24/24"
"26422","6/25/24","RM","607:Holiday",6,"Mix4",0,"","Madia gracilis",1,12,"","6/24/24"
"26423","6/25/24","RM","607:Holiday",6,"Mix4",0,"","Senecio sylvaticus",30,3,"","6/24/24"
"26424","6/25/24","RM","607:Holiday",6,"Mix4",4,"","Senecio sylvaticus",40,2,"","6/24/24"
"26426","6/25/24","RM","607:Holiday",6,"Mix4",4,"","Madia gracilis",0.5,8,"","6/24/24"
"26439","6/25/24","RM","607:Holiday",6,"Mix4",8,"","Leucanthemum vulgare",8,1,"","6/24/24"
"26442","6/25/24","RM","607:Holiday",6,"Mix4",8,"","Crepis setosa",1,1,"setosa","6/24/24"
"26443","6/25/24","RM","607:Holiday",6,"Mix4",12,"","Crepis capillaris",7,1,"","6/24/24"
"26446","6/25/24","RM","607:Holiday",6,"Mix4",12,"","Senecio sylvaticus",95,1,"","6/24/24"
"26452","6/25/24","RM","607:Holiday",6,"Mix3",0,"","Collomia grandiflora",2.5,10,"","6/24/24"
"26453","6/25/24","RM","607:Holiday",6,"Mix3",0,"","Collomia heterophylla",21,1,"","6/24/24"
"26455","6/25/24","RM","607:Holiday",6,"Mix3",0,"","Gilia capitata",3,5,"","6/24/24"
"26456","6/25/24","RM","607:Holiday",6,"Mix3",0,"","Senecio sylvaticus",40,1,"","6/24/24"
"26457","6/25/24","RM","607:Holiday",6,"Mix3",4,"","Collomia grandiflora",4,1,"","6/24/24"
"26458","6/25/24","RM","607:Holiday",6,"Mix3",4,"","Senecio sylvaticus",35,2,"","6/24/24"
"26460","6/25/24","RM","607:Holiday",6,"Mix3",4,"","Gilia capitata",11,1,"","6/24/24"
"26463","6/25/24","RM","607:Holiday",6,"Mix3",8,"","Gilia capitata",4,8,"","6/24/24"
"26464","6/25/24","RM","607:Holiday",6,"Mix3",8,"","Collomia grandiflora",1,10,"","6/24/24"
"26468","6/25/24","RM","607:Holiday",6,"Mix3",8,"","Clarkia amoena",1,1,"","6/24/24"
"26469","6/25/24","RM","607:Holiday",6,"Mix3",12,"","Clarkia amoena",1,1,"","6/24/24"
"26474","6/25/24","RM","607:Holiday",6,"Mix3",12,"","Collomia grandiflora",10,8,"","6/24/24"
"26476","6/25/24","RM","607:Holiday",6,"Mix3",12,"","Gilia capitata",2,5,"","6/24/24"
"26482","6/25/24","RM","607:Holiday",6,"Mix2",0,"","Collomia grandiflora",3,8,"","6/24/24"
"26484","6/25/24","RM","607:Holiday",6,"Mix2",0,"","Madia gracilis",1,3,"","6/24/24"
"26485","6/25/24","RM","607:Holiday",6,"Mix2",4,"","Madia gracilis",2,2,"","6/24/24"
"26487","6/25/24","RM","607:Holiday",6,"Mix2",4,"","Collomia grandiflora",7,5,"","6/24/24"
"26489","6/25/24","RM","607:Holiday",6,"Mix2",8,"","Madia gracilis",1,7,"","6/24/24"
"26490","6/25/24","RM","607:Holiday",6,"Mix2",8,"","Senecio sylvaticus",30,6,"","6/24/24"
"26491","6/25/24","RM","607:Holiday",6,"Mix2",8,"","Collomia grandiflora",5,6,"","6/24/24"
"26493","6/25/24","RM","607:Holiday",6,"Mix2",12,"","Madia gracilis",1,3,"","6/24/24"
"26494","6/25/24","RM","607:Holiday",6,"Mix2",12,"","Collomia grandiflora",7,4,"","6/24/24"
"26495","6/25/24","RM","607:Holiday",6,"Mix2",12,"","Collinsia grandiflora",1,4,"","6/24/24"
"26502","6/25/24","RM","607:Holiday",6,"Mix1",0,"","Gilia capitata",10,13,"","6/24/24"
"26503","6/25/24","RM","607:Holiday",6,"Mix1",0,"","Senecio sylvaticus",30,1,"","6/24/24"
"26506","6/25/24","RM","607:Holiday",6,"Mix1",4,"","Senecio sylvaticus",60,7,"","6/24/24"
"26508","6/25/24","RM","607:Holiday",6,"Mix1",4,"","Gilia capitata",7,11,"","6/24/24"
"26513","6/25/24","RM","607:Holiday",6,"Mix1",4,"","Epilobium brachycarpum",2,1,"","6/24/24"
"26515","6/25/24","RM","607:Holiday",6,"Mix1",8,"","Senecio sylvaticus",16,4,"","6/24/24"
"26519","6/25/24","RM","607:Holiday",6,"Mix1",12,"","Gilia capitata",9,11,"","6/24/24"
"26827","6/25/24","RM","607:Holiday",6,"Mix4",8,"","Clarkia purpurea",0.5,6,"","6/25/24"
"26899","6/25/24","RM","611:Holiday",6,"Mix1",0,"","Gilia capitata",1,6,"","6/25/24"
"26900","6/25/24","RM","611:Holiday",6,"Mix1",0,"","Collomia heterophylla",3,2,"","6/25/24"
"26901","6/25/24","RM","611:Holiday",6,"Mix1",0,"","Clarkia purpurea",0.25,4,"","6/25/24"
"26902","6/25/24","RM","611:Holiday",6,"Mix1",8,"","Clarkia amoena",0.5,8,"","6/25/24"
"26903","6/25/24","RM","611:Holiday",6,"Mix1",8,"","Gilia capitata",1.5,6,"","6/25/24"
"26904","6/25/24","RM","611:Holiday",6,"Mix1",8,"","Clarkia purpurea",0.5,6,"","6/25/24"
"26905","6/25/24","RM","611:Holiday",6,"Mix1",4,"","Clarkia purpurea",0.5,10,"","6/25/24"
"26906","6/25/24","BD","611:Holiday",6,"Mix6",0,"","Crepis setosa",1,3,"BD setosa","6/25/24"
"26907","6/25/24","RM","611:Holiday",6,"Mix1",12,"","Leucanthemum vulgare",6,1,"","6/25/24"
"26909","6/25/24","RM","611:Holiday",6,"Mix1",12,"","Senecio sylvaticus",15,4,"","6/25/24"
"26910","6/25/24","BD","611:Holiday",6,"Mix6",0,"","Gilia capitata",1.5,2,"BD","6/25/24"
"26911","6/25/24","RM","611:Holiday",6,"Mix1",12,"","Clarkia purpurea",1,3,"","6/25/24"
"26912","6/25/24","RM","611:Holiday",6,"Mix1",12,"","Collomia heterophylla",5,3,"","6/25/24"
"26913","6/25/24","RM","611:Holiday",6,"Mix1",12,"","Gilia capitata",1,4,"","6/25/24"
"26914","6/25/24","BD","611:Holiday",6,"Mix6",0,"","Senecio sylvaticus",25,4,"BD","6/25/24"
"26916","6/25/24","RM","611:Holiday",6,"Mix2",0,"","Senecio sylvaticus",15,4,"","6/25/24"
"26917","6/25/24","RM","611:Holiday",6,"Mix2",0,"","Collomia heterophylla",4,2,"","6/25/24"
"26918","6/25/24","BD","611:Holiday",6,"Mix6",4,"","Senecio sylvaticus",50,4,"BD","6/25/24"
"26919","6/25/24","RM","611:Holiday",6,"Mix2",4,"","Collomia heterophylla",9,5,"","6/25/24"
"26920","6/25/24","RM","611:Holiday",6,"Mix2",4,"","Senecio sylvaticus",30,1,"","6/25/24"
"26921","6/25/24","BD","611:Holiday",6,"Mix6",4,"","Crepis setosa",1,1,"BD setosa","6/25/24"
"26922","6/25/24","BD","611:Holiday",6,"Mix6",4,"","Gilia capitata",1,3,"BD","6/25/24"
"26923","6/25/24","RM","611:Holiday",6,"Mix2",8,"","Collomia grandiflora",5,1,"","6/25/24"
"26925","6/25/24","BD","611:Holiday",6,"Mix6",8,"","Leucanthemum vulgare",8,1,"BD","6/25/24"
"26926","6/25/24","RM","611:Holiday",6,"Mix3",4,"","Gilia capitata",4,4,"","6/25/24"
"26928","6/25/24","RM","611:Holiday",6,"Mix3",4,"","Collomia heterophylla",2,1,"","6/25/24"
"26929","6/25/24","BD","611:Holiday",6,"Mix6",8,"","Gilia capitata",1,4,"BD","6/25/24"
"26930","6/25/24","RM","611:Holiday",6,"Mix3",4,"","Collomia grandiflora",2,7,"","6/25/24"
"26931","6/25/24","BD","611:Holiday",6,"Mix6",12,"","Clarkia amoena",1,1,"BD","6/25/24"
"26932","6/25/24","RM","611:Holiday",6,"Mix3",8,"","Leucanthemum vulgare",2,2,"","6/25/24"
"26933","6/25/24","RM","611:Holiday",6,"Mix3",8,"","Gilia capitata",1,9,"","6/25/24"
"26934","6/25/24","BD","611:Holiday",6,"Mix6",12,"","Gilia capitata",2,3,"BD","6/25/24"
"26935","6/25/24","RM","611:Holiday",6,"Mix3",8,"","Crepis setosa",3,1,"setosa","6/25/24"
"26936","6/25/24","BD","611:Holiday",6,"Mix6",12,"","Senecio sylvaticus",5,1,"BD","6/25/24"
"26937","6/25/24","RM","611:Holiday",6,"Mix3",12,"","Clarkia amoena",1,5,"","6/25/24"
"26938","6/25/24","RM","611:Holiday",6,"Mix3",12,"","Collomia grandiflora",5,6,"","6/25/24"
"26939","6/25/24","RM","611:Holiday",6,"Mix3",12,"","Gilia capitata",1.5,8,"","6/25/24"
"26940","6/25/24","RM","611:Holiday",6,"Mix3",12,"","Phacelia heterophylla",20,2,"","6/25/24"
"26941","6/25/24","RM","611:Holiday",6,"Mix3",12,"","Senecio sylvaticus",20,1,"","6/25/24"
"26943","6/25/24","RM","611:Holiday",6,"Mix4",0,"","Clarkia purpurea",0.25,8,"","6/25/24"
"26945","6/25/24","RM","611:Holiday",6,"Mix4",0,"","Clarkia amoena",0.5,16,"","6/25/24"
"26946","6/25/24","RM","611:Holiday",6,"Mix4",8,"","Hypochaeris radicata",2,2,"","6/25/24"
"26947","6/25/24","RM","611:Holiday",6,"Mix4",12,"","Hypochaeris radicata",1,1,"","6/25/24"
"26948","6/25/24","RM","611:Holiday",6,"Mix5",0,"","Collomia heterophylla",4,1,"","6/25/24"
"26949","6/25/24","RM","611:Holiday",6,"Mix5",4,"","Collinsia grandiflora",2,1,"","6/25/24"
"26950","6/25/24","RM","611:Holiday",6,"Mix5",8,"","Clarkia purpurea",1,2,"","6/25/24"
"26952","6/25/24","RM","611:Holiday",6,"Mix5",8,"","Collomia grandiflora",1,13,"","6/25/24"
"26953","6/25/24","RM","611:Holiday",6,"Mix5",12,"","Collinsia grandiflora",2,1,"","6/25/24"
"27070","6/26/24","RM","702:Holiday",6,"Mix1",0,"","Gilia capitata",6,23,"702","6/26/24"
"27077","6/26/24","RM","702:Holiday",6,"Mix1",0,"","Clarkia purpurea",1,17,"702","6/26/24"
"27080","6/26/24","RM","702:Holiday",6,"Mix1",0,"","Clarkia amoena",2,6,"702","6/26/24"
"27082","6/26/24","RM","702:Holiday",6,"Mix1",0,"","Phacelia heterophylla",8,1,"702","6/26/24"
"27083","6/26/24","RM","702:Holiday",6,"Mix1",4,"","Gilia capitata",4,16,"702","6/26/24"
"27084","6/26/24","RM","702:Holiday",6,"Mix1",4,"","Clarkia purpurea",1,10,"702","6/26/24"
"27085","6/26/24","RM","702:Holiday",6,"Mix1",4,"","Clarkia amoena",1,5,"702","6/26/24"
"27086","6/26/24","RM","702:Holiday",6,"Mix1",8,"","Gilia capitata",6,28,"702","6/26/24"
"27087","6/26/24","RM","702:Holiday",6,"Mix1",8,"","Clarkia purpurea",2,9,"702","6/26/24"
"27088","6/26/24","RM","702:Holiday",6,"Mix1",8,"","Clarkia amoena",0.5,8,"702","6/26/24"
"27089","6/26/24","RM","702:Holiday",6,"Mix1",12,"","Gilia capitata",5,17,"702","6/26/24"
"27090","6/26/24","RM","702:Holiday",6,"Mix1",12,"","Clarkia purpurea",1,16,"702","6/26/24"
"27091","6/26/24","RM","702:Holiday",6,"Mix2",0,"","Madia gracilis",9,7,"702","6/26/24"
"27092","6/26/24","RM","702:Holiday",6,"Mix2",0,"","Collinsia grandiflora",7,9,"702","6/26/24"
"27093","6/26/24","RM","702:Holiday",6,"Mix2",0,"","Collomia grandiflora",18,7,"702","6/26/24"
"27094","6/26/24","RM","702:Holiday",6,"Mix2",0,"","Prunella vulgaris",12,1,"702","6/26/24"
"27096","6/26/24","RM","702:Holiday",6,"Mix2",4,"","Prunella vulgaris",2,12,"702","6/26/24"
"27098","6/26/24","RM","702:Holiday",6,"Mix2",4,"","Collomia grandiflora",70,9,"702","6/26/24"
"27100","6/26/24","RM","702:Holiday",6,"Mix2",4,"","Collinsia grandiflora",11,9,"702","6/26/24"
"27101","6/26/24","RM","702:Holiday",6,"Mix2",8,"","Collomia grandiflora",25,7,"702","6/26/24"
"27103","6/26/24","RM","702:Holiday",6,"Mix2",8,"","Madia gracilis",4,12,"702","6/26/24"
"27104","6/26/24","RM","702:Holiday",6,"Mix2",8,"","Collinsia grandiflora",3,8,"702","6/26/24"
"27106","6/26/24","RM","702:Holiday",6,"Mix2",12,"","Madia gracilis",5,15,"702","6/26/24"
"27108","6/26/24","RM","702:Holiday",6,"Mix2",12,"","Collomia grandiflora",7,8,"702","6/26/24"
"27111","6/26/24","RM","702:Holiday",6,"Mix6",0,"","Gilia capitata",4,25,"702","6/26/24"
"27112","6/26/24","RM","702:Holiday",6,"Mix6",0,"","Madia gracilis",2,21,"702","6/26/24"
"27113","6/26/24","RM","702:Holiday",6,"Mix6",4,"","Madia gracilis",4,9,"702","6/26/24"
"27115","6/26/24","RM","702:Holiday",6,"Mix6",4,"","Gilia capitata",5,15,"702","6/26/24"
"27116","6/26/24","RM","702:Holiday",6,"Mix6",8,"","Madia gracilis",3,15,"702","6/26/24"
"27117","6/26/24","RM","702:Holiday",6,"Mix6",8,"","Gilia capitata",6,26,"702","6/26/24"
"27118","6/26/24","RM","702:Holiday",6,"Mix6",8,"","Phacelia heterophylla",12,1,"702","6/26/24"
"27119","6/26/24","RM","702:Holiday",6,"Mix6",12,"","Madia gracilis",4,7,"702","6/26/24"
"27120","6/26/24","RM","702:Holiday",6,"Mix6",12,"","Gilia capitata",7,12,"702","6/26/24"
"27121","6/26/24","RM","702:Holiday",6,"Mix6",12,"","Crepis capillaris",19,1,"702","6/26/24"
"27122","6/26/24","RM","702:Holiday",6,"Mix3",0,"","Collomia grandiflora",21,4,"702","6/26/24"
"27124","6/26/24","RM","702:Holiday",6,"Mix3",0,"","Gilia capitata",6,9,"702","6/26/24"
"27125","6/26/24","RM","702:Holiday",6,"Mix3",0,"","Collinsia grandiflora",4,5,"702","6/26/24"
"27126","6/26/24","RM","702:Holiday",6,"Mix3",4,"","Collinsia grandiflora",9,7,"702","6/26/24"
"27128","6/26/24","RM","702:Holiday",6,"Mix3",4,"","Gilia capitata",7,11,"702","6/26/24"
"27130","6/26/24","RM","702:Holiday",6,"Mix3",4,"","Collomia grandiflora",7,5,"702","6/26/24"
"27132","6/26/24","RM","702:Holiday",6,"Mix3",8,"","Collinsia grandiflora",4,4,"702","6/26/24"
"27133","6/26/24","RM","702:Holiday",6,"Mix3",8,"","Gilia capitata",2,23,"702","6/26/24"
"27134","6/26/24","RM","702:Holiday",6,"Mix3",8,"","Collomia grandiflora",12,7,"702","6/26/24"
"27136","6/26/24","RM","702:Holiday",6,"Mix3",12,"","Collinsia grandiflora",3,4,"702","6/26/24"
"27137","6/26/24","RM","702:Holiday",6,"Mix3",12,"","Gilia capitata",5,10,"702","6/26/24"
"27138","6/26/24","RM","702:Holiday",6,"Mix3",12,"","Collomia grandiflora",20,5,"702","6/26/24"
"27141","6/26/24","RM","702:Holiday",6,"Mix5",0,"","Collinsia grandiflora",3,11,"702","6/26/24"
"27142","6/26/24","RM","702:Holiday",6,"Mix5",0,"","Collomia grandiflora",15,8,"702","6/26/24"
"27143","6/26/24","RM","702:Holiday",6,"Mix5",0,"","Clarkia purpurea",3,12,"702","6/26/24"
"27145","6/26/24","RM","702:Holiday",6,"Mix5",4,"","Clarkia purpurea",4,16,"702","6/26/24"
"27147","6/26/24","RM","702:Holiday",6,"Mix5",4,"","Collomia grandiflora",5,4,"702","6/26/24"
"27148","6/26/24","RM","702:Holiday",6,"Mix5",4,"","Collinsia grandiflora",1,15,"702","6/26/24"
"27149","6/26/24","RM","702:Holiday",6,"Mix5",4,"","Phacelia heterophylla",4,1,"702","6/26/24"
"27150","6/26/24","RM","702:Holiday",6,"Mix5",12,"","Clarkia purpurea",1,8,"702","6/26/24"
"27151","6/26/24","RM","702:Holiday",6,"Mix5",12,"","Gilia capitata",6,1,"702","6/26/24"
"27152","6/26/24","RM","702:Holiday",6,"Mix5",12,"","Collomia grandiflora",8,2,"702","6/26/24"
"27153","6/26/24","RM","702:Holiday",6,"Mix5",12,"","Collinsia grandiflora",4,24,"702","6/26/24"
"27154","6/26/24","RM","702:Holiday",6,"Mix5",8,"","Clarkia purpurea",4,5,"702","6/26/24"
"27155","6/26/24","RM","702:Holiday",6,"Mix5",8,"","Collinsia grandiflora",30,8,"702","6/26/24"
"27156","6/26/24","RM","702:Holiday",6,"Mix5",8,"","Collomia grandiflora",5,4,"702","6/26/24"
"27157","6/26/24","RM","702:Holiday",6,"Mix4",0,"","Madia gracilis",4,9,"702","6/26/24"
"27158","6/26/24","RM","702:Holiday",6,"Mix4",0,"","Clarkia purpurea",4,6,"702","6/26/24"
"27159","6/26/24","RM","702:Holiday",6,"Mix4",8,"","Clarkia purpurea",3,12,"702","6/26/24"
"27160","6/26/24","RM","702:Holiday",6,"Mix4",12,"","Clarkia purpurea",2,5,"702","6/26/24"
"27161","6/26/24","RM","702:Holiday",6,"Mix4",4,"","Clarkia purpurea",2,5,"702","6/26/24"
"27162","6/26/24","RM","702:Holiday",6,"Mix4",0,"","Clarkia amoena",0.5,18,"702","6/26/24"
"27163","6/26/24","RM","702:Holiday",6,"Mix4",0,"","Clarkia amoena",10,8,"702","6/26/24"
"27164","6/26/24","RM","702:Holiday",6,"Mix4",12,"","Clarkia amoena",5,9,"702","6/26/24"
"27165","6/26/24","RM","702:Holiday",6,"Mix4",8,"","Clarkia amoena",2,16,"702","6/26/24"
"27167","6/26/24","RM","702:Holiday",6,"Mix4",8,"","Madia gracilis",1,11,"702","6/26/24"
"27168","6/26/24","RM","702:Holiday",6,"Mix4",12,"","Madia gracilis",2,7,"702","6/26/24"
"27688","7/1/24","BD","605:Holiday",6,"Mix5",0,"","Crepis setosa",2,5,"BD setosa","7/1/24"
"27690","7/1/24","BD","605:Holiday",6,"Mix5",0,"","Collomia grandiflora",1,1,"BD","7/1/24"
"27700","7/1/24","BD","605:Holiday",6,"Mix5",0,"","Epilobium brachycarpum",1,1,"BD","7/1/24"
"27703","7/1/24","BD","605:Holiday",6,"Mix5",0,"","Senecio sylvaticus",60,3,"BD","7/1/24"
"27705","7/1/24","BD","605:Holiday",6,"Mix5",4,"","Epilobium brachycarpum",1,6,"BD","7/1/24"
"27707","7/1/24","BD","605:Holiday",6,"Mix4",0,"","Senecio sylvaticus",35,1,"BD","7/1/24"
"27708","7/1/24","BD","605:Holiday",6,"Mix4",0,"","Madia gracilis",1,4,"BD","7/1/24"
"27710","7/1/24","BD","605:Holiday",6,"Mix4",0,"","Clarkia amoena",0.66,3,"BD","7/1/24"
"27711","7/1/24","BD","605:Holiday",6,"Mix4",4,"","Madia gracilis",2,16,"BD","7/1/24"
"27713","7/1/24","BD","605:Holiday",6,"Mix4",4,"","Clarkia amoena",1.6,3,"BD","7/1/24"
"27722","7/1/24","BD","605:Holiday",6,"Mix4",4,"","Clarkia purpurea",6,1,"BD","7/1/24"
"27723","7/1/24","BD","605:Holiday",6,"Mix4",8,"","Crepis setosa",6,1,"BD setosa","7/1/24"
"27724","7/1/24","BD","605:Holiday",6,"Mix2",0,"","Madia gracilis",12,1,"BD","7/1/24"
"27725","7/1/24","BD","605:Holiday",6,"Mix2",4,"","Madia gracilis",12,5,"BD","7/1/24"
"27726","7/1/24","BD","605:Holiday",6,"Mix2",4,"","Senecio sylvaticus",136,1,"BD","7/1/24"
"27727","7/1/24","BD","605:Holiday",6,"Mix3",0,"","Cirsium vulgaris",0.3,9,"BD","7/1/24"
"27728","7/1/24","BD","605:Holiday",6,"Mix3",0,"","Senecio sylvaticus",75,2,"BD","7/1/24"
"27729","7/1/24","BD","605:Holiday",6,"Mix3",12,"","Cirsium vulgaris",5,1,"BD","7/1/24"
"27730","7/1/24","BD","605:Holiday",6,"Mix3",4,"","Clarkia amoena",0.5,12,"BD","7/1/24"
"27731","7/1/24","BD","605:Holiday",6,"Mix3",4,"","Gilia capitata",3,4,"BD","7/1/24"
"27732","7/1/24","BD","605:Holiday",6,"Mix3",4,"","Crepis setosa",2,5,"BD setosa","7/1/24"
"27733","7/1/24","BD","605:Holiday",6,"Mix3",4,"","Senecio sylvaticus",100,2,"BD","7/1/24"
"27734","7/1/24","BD","605:Holiday",6,"Mix3",8,"","Gilia capitata",3,5,"BD","7/1/24"
"27735","7/1/24","BD","605:Holiday",6,"Mix3",8,"","Clarkia amoena",2,1,"BD","7/1/24"
"27736","7/1/24","BD","605:Holiday",6,"Mix3",8,"","Collomia grandiflora",1,2,"BD","7/1/24"
"27737","7/1/24","BD","605:Holiday",6,"Mix3",8,"","Hypochaeris radicata",1,1,"BD","7/1/24"
"27738","7/1/24","BD","605:Holiday",6,"Mix6",0,"","Crepis setosa",10,2,"BD setosa","7/1/24"
"27739","7/1/24","BD","605:Holiday",6,"Mix6",4,"","Crepis setosa",6,1,"BD setosa","7/1/24"
"27740","7/1/24","BD","605:Holiday",6,"Mix6",12,"","Gilia capitata",7,3,"BD","7/1/24"
"27741","7/1/24","BD","605:Holiday",6,"Mix6",12,"","Madia gracilis",20,5,"BD","7/1/24"
"27742","7/1/24","BD","605:Holiday",6,"Mix1",0,"","Gilia capitata",7,7,"BD","7/1/24"
"27743","7/1/24","BD","605:Holiday",6,"Mix1",0,"","Phacelia heterophylla",30,1,"BD","7/1/24"
"27744","7/1/24","BD","605:Holiday",6,"Mix1",4,"","Gilia capitata",5,7,"BD","7/1/24"
"27745","7/1/24","BD","605:Holiday",6,"Mix1",4,"","Clarkia amoena",1.5,2,"BD","7/1/24"
"27746","7/1/24","BD","605:Holiday",6,"Mix1",8,"","Gilia capitata",20,3,"BD","7/1/24"
"27747","7/1/24","BD","605:Holiday",6,"Mix1",8,"","Crepis setosa",12,1,"BD setosa","7/1/24"
"27748","7/1/24","BD","605:Holiday",6,"Mix1",12,"","Gilia capitata",15,4,"BD","7/1/24"
"27749","7/1/24","BD","605:Holiday",6,"Mix1",12,"","Crepis setosa",10,9,"BD setosa","7/1/24"
"27882","7/2/24","BD","704:Holiday",6,"Mix5",0,"","Collomia grandiflora",1,14,"BD 704","7/2/24"
"27884","7/2/24","BD","704:Holiday",6,"Mix5",12,"","Collomia heterophylla",7,7,"BD 704","7/2/24"
"27885","7/2/24","BD","704:Holiday",6,"Mix5",12,"","Phacelia heterophylla",9,2,"BD 704","7/2/24"
"27886","7/2/24","BD","704:Holiday",6,"Mix5",4,"","Collomia grandiflora",0.5,24,"BD 704","7/2/24"
"27887","7/2/24","BD","704:Holiday",6,"Mix5",4,"","Clarkia purpurea",2,3,"BD 704","7/2/24"
"27888","7/2/24","BD","704:Holiday",6,"Mix5",4,"","Collinsia grandiflora",1.5,4,"BD 704","7/2/24"
"27889","7/2/24","BD","704:Holiday",6,"Mix5",8,"","Collomia grandiflora",0.8,14,"BD 704","7/2/24"
"27890","7/2/24","BD","704:Holiday",6,"Mix5",8,"","Clarkia purpurea",0.5,2,"BD 704","7/2/24"
"27892","7/2/24","BD","704:Holiday",6,"Mix4",0,"","Madia gracilis",0.8,15,"BD 704","7/2/24"
"27893","7/2/24","BD","704:Holiday",6,"Mix4",0,"","Clarkia purpurea",1,2,"BD 704","7/2/24"
"27894","7/2/24","BD","704:Holiday",6,"Mix4",4,"","Madia gracilis",3,10,"BD 704","7/2/24"
"27895","7/2/24","BD","704:Holiday",6,"Mix4",8,"","Madia gracilis",2.2,15,"BD 704","7/2/24"
"27896","7/2/24","BD","704:Holiday",6,"Mix4",12,"","Madia gracilis",1.75,20,"BD 704","7/2/24"
"27897","7/2/24","BD","704:Holiday",6,"Mix4",12,"","Clarkia purpurea",1,2,"BD 704","7/2/24"
"27898","7/2/24","BD","704:Holiday",6,"Mix1",0,"","Gilia capitata",0.72,11,"BD 704","7/2/24"
"27899","7/2/24","BD","704:Holiday",6,"Mix1",0,"","Clarkia purpurea",2,2,"BD 704","7/2/24"
"27900","7/2/24","BD","704:Holiday",6,"Mix1",12,"","Gilia capitata",1.3,8,"BD 704","7/2/24"
"27901","7/2/24","BD","704:Holiday",6,"Mix1",4,"","Gilia capitata",13,2,"BD 704","7/2/24"
"27902","7/2/24","BD","704:Holiday",6,"Mix1",8,"","Gilia capitata",3,4,"BD 704","7/2/24"
"27903","7/2/24","BD","704:Holiday",6,"Mix2",0,"","Madia gracilis",3,10,"BD 704","7/2/24"
"27904","7/2/24","BD","704:Holiday",6,"Mix2",0,"","Collomia grandiflora",1,13,"BD 704","7/2/24"
"27905","7/2/24","BD","704:Holiday",6,"Mix2",12,"","Madia gracilis",5,9,"BD 704","7/2/24"
"27906","7/2/24","BD","704:Holiday",6,"Mix2",12,"","Collomia grandiflora",0.4,10,"BD 704","7/2/24"
"27907","7/2/24","BD","704:Holiday",6,"Mix2",12,"","Collinsia grandiflora",0.2,5,"BD 704","7/2/24"
"27908","7/2/24","BD","704:Holiday",6,"Mix2",4,"","Madia gracilis",2,15,"BD 704","7/2/24"
"27909","7/2/24","BD","704:Holiday",6,"Mix2",4,"","Collomia grandiflora",1.3,17,"BD 704","7/2/24"
"27911","7/2/24","BD","704:Holiday",6,"Mix2",8,"","Madia gracilis",1.47,17,"BD 704","7/2/24"
"27913","7/2/24","BD","704:Holiday",6,"Mix2",8,"","Collomia grandiflora",2,13,"BD 704","7/2/24"
"27914","7/2/24","BD","704:Holiday",6,"Mix2",8,"","Collinsia grandiflora",1,2,"BD 704","7/2/24"
"27915","7/2/24","BD","704:Holiday",6,"Mix6",0,"","Madia gracilis",4,6,"BD 704","7/2/24"
"27916","7/2/24","BD","704:Holiday",6,"Mix6",0,"","Gilia capitata",1,1,"BD 704","7/2/24"
"27917","7/2/24","BD","704:Holiday",6,"Mix6",12,"","Madia gracilis",2.36,11,"BD 704","7/2/24"
"27918","7/2/24","BD","704:Holiday",6,"Mix6",12,"","Gilia capitata",1.5,4,"BD 704","7/2/24"
"27919","7/2/24","BD","704:Holiday",6,"Mix6",4,"","Madia gracilis",3.3,6,"BD 704","7/2/24"
"27920","7/2/24","BD","704:Holiday",6,"Mix6",4,"","Gilia capitata",1.4,5,"BD 704","7/2/24"
"27921","7/2/24","BD","704:Holiday",6,"Mix6",4,"","Collomia grandiflora",3,1,"BD 704","7/2/24"
"27922","7/2/24","BD","704:Holiday",6,"Mix6",8,"","Gilia capitata",4.2,7,"BD 704","7/2/24"
"27923","7/2/24","BD","704:Holiday",6,"Mix6",8,"","Madia gracilis",1.53,13,"BD 704","7/2/24"
"27924","7/2/24","BD","704:Holiday",6,"Mix6",0,"","Gilia capitata",2,7,"BD 704","7/2/24"
"27926","7/2/24","BD","704:Holiday",6,"Mix6",0,"","Collomia grandiflora",0.5,20,"BD 704","7/2/24"
"27927","7/2/24","BD","704:Holiday",6,"Mix6",12,"","Gilia capitata",4,6,"BD 704","7/2/24"
"27929","7/2/24","BD","704:Holiday",6,"Mix6",12,"","Madia gracilis",6,1,"BD 704","7/2/24"
"27931","7/2/24","BD","704:Holiday",6,"Mix6",12,"","Collomia grandiflora",0.1,10,"BD 704","7/2/24"
"27933","7/2/24","BD","704:Holiday",6,"Mix6",8,"","Collomia grandiflora",1,6,"BD 704","7/2/24"
"27934","7/2/24","BD","704:Holiday",6,"Mix6",4,"","Gilia capitata",6,6,"BD 704","7/2/24"
"27935","7/2/24","BD","704:Holiday",6,"Mix6",4,"","Clarkia amoena",2,4,"BD 704","7/2/24"
"28779","7/11/24","RM","607:Holiday",6,"Mix4",0,"","Clarkia amoena",3.5,16,"","7/11/24"
"28780","7/11/24","RM","607:Holiday",6,"Mix4",4,"","Clarkia amoena",4,12,"","7/11/24"
"28781","7/11/24","RM","607:Holiday",6,"Mix4",4,"","Madia gracilis",0.5,8,"","7/11/24"
"28782","7/11/24","RM","607:Holiday",6,"Mix4",8,"","Clarkia amoena",5,6,"","7/11/24"
"28784","7/11/24","RM","607:Holiday",6,"Mix4",12,"","Clarkia amoena",2,2,"","7/11/24"
"28786","7/11/24","RM","607:Holiday",6,"Mix4",12,"","Madia gracilis",2,2,"","7/11/24"
"28790","7/11/24","RM","607:Holiday",6,"Mix3",0,"","Clarkia amoena",5,12,"","7/11/24"
"28791","7/11/24","RM","607:Holiday",6,"Mix3",0,"","Gilia capitata",1,4,"","7/11/24"
"28793","7/11/24","RM","607:Holiday",6,"Mix3",4,"","Clarkia amoena",7,3,"","7/11/24"
"28794","7/11/24","RM","607:Holiday",6,"Mix3",8,"","Clarkia amoena",1.5,6,"","7/11/24"
"28796","7/11/24","RM","607:Holiday",6,"Mix3",8,"","Gilia capitata",0.5,8,"","7/11/24"
"28797","7/11/24","RM","607:Holiday",6,"Mix3",12,"","Clarkia amoena",6,11,"","7/11/24"
"28799","7/11/24","RM","607:Holiday",6,"Mix3",12,"","Gilia capitata",0.5,2,"","7/11/24"
"28801","7/11/24","RM","607:Holiday",6,"Mix6",4,"","Gilia capitata",1,3,"","7/11/24"
"28802","7/11/24","RM","607:Holiday",6,"Mix6",8,"","Gilia capitata",2,7,"","7/11/24"
"28803","7/11/24","RM","607:Holiday",6,"Mix6",12,"","Gilia capitata",3,6,"","7/11/24"
"28807","7/11/24","RM","607:Holiday",6,"Mix2",0,"","Madia gracilis",1,3,"","7/11/24"
"28842","7/11/24","RM","607:Holiday",6,"Mix1",0,"","Gilia capitata",1,10,"","7/11/24"
"28843","7/11/24","RM","607:Holiday",6,"Mix1",4,"","Gilia capitata",2,6,"","7/11/24"
"28844","7/11/24","RM","607:Holiday",6,"Mix1",8,"","Gilia capitata",0.5,12,"","7/11/24"
"28845","7/11/24","RM","607:Holiday",6,"Mix1",12,"","Gilia capitata",1,6,"","7/11/24"
"28846","7/11/24","RM","607:Holiday",6,"Mix1",0,"","Clarkia amoena",7,11,"","7/11/24"
"28847","7/11/24","RM","607:Holiday",6,"Mix1",4,"","Clarkia amoena",3,5,"","7/11/24"
"28848","7/11/24","RM","607:Holiday",6,"Mix1",8,"","Clarkia amoena",9,5,"","7/11/24"
"28849","7/11/24","RM","607:Holiday",6,"Mix1",12,"","Clarkia amoena",4,13,"","7/11/24"
"29234","7/22/24","BD","702:Holiday",6,"Mix2",12,"","Madia gracilis",0.5,10,"BD 702","7/18/24"
"29237","7/22/24","BD","702:Holiday",6,"Mix1",0,"","Clarkia amoena",2,25,"BD","7/18/24"
"29238","7/22/24","BD","702:Holiday",6,"Mix1",0,"","Gilia capitata",0.15,12,"BD","7/18/24"
"29240","7/22/24","BD","702:Holiday",6,"Mix1",4,"","Clarkia amoena",1.75,32,"BD","7/18/24"
"29242","7/22/24","BD","702:Holiday",6,"Mix1",8,"","Clarkia amoena",2.1,50,"BD","7/18/24"
"29243","7/22/24","BD","702:Holiday",6,"Mix1",12,"","Clarkia amoena",2.25,20,"BD","7/18/24"
"29244","7/22/24","BD","702:Holiday",6,"Mix3",0,"","Clarkia purpurea",3,12,"BD 702","7/18/24"
"29245","7/22/24","BD","702:Holiday",6,"Mix3",4,"","Clarkia amoena",2,26,"BD 702","7/18/24"
"29246","7/22/24","BD","702:Holiday",6,"Mix3",12,"","Clarkia amoena",1.5,30,"BD 702","7/18/24"
"29247","7/22/24","BD","702:Holiday",6,"Mix3",8,"","Clarkia amoena",2.33,18,"BD 702","7/18/24"
"29250","7/22/24","BD","702:Holiday",6,"Mix4",0,"","Clarkia amoena",2.2,10,"BD 702","7/18/24"
"29252","7/22/24","BD","702:Holiday",6,"Mix4",4,"","Clarkia amoena",2.75,15,"BD 702","7/18/24"
"29253","7/22/24","BD","702:Holiday",6,"Mix4",12,"","Clarkia amoena",2,16,"BD 702","7/18/24"
"29254","7/22/24","BD","702:Holiday",6,"Mix4",8,"","Clarkia amoena",1,8,"BD 702","7/18/24"
"29300","7/22/24","CT","700:Holiday",6,"Mix1",0,"","Gilia capitata",0.5,5,"ct stand 700","7/22/24"
"29301","7/22/24","OA","700:Holiday",6,"Mix3",0,"","Clarkia amoena",0.75,4,"OA 700","7/22/24"
"29302","7/22/24","LS","700:Holiday",6,"Mix6",4,"","Gilia capitata",1,13,"LS 700","7/22/24"
"29303","7/22/24","CT","700:Holiday",6,"Mix1",0,"","Clarkia amoena",1,6,"ct stand 700","7/22/24"
"29304","7/22/24","EG","700:Holiday",6,"Mix3",4,"","Clarkia amoena",1.7,7,"700, EG","7/22/24"
"29305","7/22/24","CT","700:Holiday",6,"Mix1",4,"","Clarkia amoena",1.5,5,"ct stand 700","7/22/24"
"29306","7/22/24","CT","700:Holiday",6,"Mix1",4,"","Gilia capitata",0.25,5,"ct stand 700","7/22/24"
"29307","7/22/24","BD","700:Holiday",6,"Mix2",4,"","Madia gracilis",0.125,8,"BD 700","7/22/24"
"29308","7/22/24","CT","700:Holiday",6,"Mix1",8,"","Clarkia amoena",2,5,"ct stand 700","7/22/24"
"29309","7/22/24","OA","700:Holiday",6,"Mix4",4,"","Clarkia amoena",0.5,14,"OA 700","7/22/24"
"29310","7/22/24","OA","700:Holiday",6,"Mix4",0,"","Clarkia amoena",1.5,4,"OA 700","7/22/24"
"29311","7/22/24","CT","700:Holiday",6,"Mix1",8,"","Gilia capitata",1,5,"ct stand 700","7/22/24"
"29312","7/22/24","OA","700:Holiday",6,"Mix4",8,"","Clarkia purpurea",1,1,"OA 700","7/22/24"
"29313","7/22/24","CT","700:Holiday",6,"Mix1",12,"","Gilia capitata",0.5,3,"ct stand 700","7/22/24"
"29314","7/22/24","OA","700:Holiday",6,"Mix4",8,"","Clarkia amoena",0.25,4,"OA 700","7/22/24"
"29315","7/22/24","EG","700:Holiday",6,"Mix3",4,"","Clarkia amoena",0.1875,16,"700, EG","7/22/24"
"29316","7/22/24","AW","700:Holiday",6,"Mix3",12,"","Gilia capitata",0.18,11,"700 AW","7/22/24"
"29317","7/22/24","AW","700:Holiday",6,"Mix3",12,"","Clarkia amoena",1.25,8,"700 AW","7/22/24"
"29318","7/22/24","AW","700:Holiday",6,"Mix3",8,"","Clarkia amoena",3,3,"700 AW","7/22/24"
"29319","7/22/24","EG","700:Holiday",6,"Mix3",0,"","Collinsia grandiflora",0.34,23,"700, eg","7/22/24"
"29322","7/22/24","LB","700:Holiday",6,"Mix3",0,"","Clarkia amoena",1.5,4,"LB.","7/23/24"
"29335","7/23/24","BD","611:Holiday",6,"Mix1",4,"","Clarkia amoena",0.3,20,"BD 707","7/23/24"
"29336","7/23/24","BD","611:Holiday",6,"Mix1",4,"","Gilia capitata",0.75,4,"BD","7/23/24"
"29339","7/23/24","BD","611:Holiday",6,"Mix3",0,"","Gilia capitata",3,1,"BD","7/23/24"
"29340","7/23/24","BD","611:Holiday",6,"Mix3",0,"","Clarkia amoena",0.5,4,"BD","7/23/24"
"29342","7/23/24","BD","611:Holiday",6,"Mix3",0,"","Hypochaeris radicata",1,1,"BD","7/23/24"
"29346","7/23/24","BD","611:Holiday",6,"Mix6",12,"","Gilia capitata",0.5,2,"BD","7/23/24"
"29348","7/23/24","BD","611:Holiday",6,"Mix6",8,"","Gilia capitata",1.5,2,"BD","7/23/24"
"29350","7/23/24","BD","611:Holiday",6,"Mix4",0,"","Clarkia amoena",0.125,8,"BD","7/23/24"
"29352","7/23/24","BD","611:Holiday",6,"Mix4",4,"","Crepis setosa",2,1,"BD setosa","7/23/24"
"29353","7/23/24","BD","611:Holiday",6,"Mix4",12,"","Clarkia amoena",0.2,10,"BD","7/23/24"
"29354","7/23/24","BD","611:Holiday",6,"Mix4",8,"","Clarkia amoena",0.06,15,"BD","7/23/24"
"29425","7/31/24","BD","604:Holiday",6,"Mix4",8,"","Clarkia amoena",0.1,10,"BD","7/23/24"
"29426","7/31/24","BD","604:Holiday",6,"Mix4",12,"","Clarkia amoena",0.33,15,"BD","7/23/24"
"29427","7/31/24","BD","604:Holiday",6,"Mix1",0,"","Clarkia amoena",0.33,12,"BD","7/23/24"
"29430","7/31/24","BD","604:Holiday",6,"Mix1",4,"","Clarkia amoena",0.33,30,"BD","7/23/24"
"29431","7/31/24","BD","604:Holiday",6,"Mix1",12,"","Gilia capitata",1,6,"BD","7/23/24"
"29432","7/31/24","BD","604:Holiday",6,"Mix1",8,"","Clarkia amoena",0.33,12,"BD","7/23/24"
"29436","7/31/24","BD","604:Holiday",6,"Mix6",12,"","Gilia capitata",0.1,10,"BD","7/23/24"
"29438","7/31/24","BD","604:Holiday",6,"Mix6",4,"","Gilia capitata",0.25,12,"BD","7/23/24"
"29439","7/31/24","BD","604:Holiday",6,"Mix2",8,"","Gilia capitata",0.125,8,"BD","7/23/24"
"29440","7/31/24","BD","604:Holiday",6,"Mix3",0,"","Clarkia amoena",0.1,10,"BD","7/23/24"
"29441","7/31/24","BD","604:Holiday",6,"Mix3",4,"","Gilia capitata",0.06,15,"BD","7/23/24"
"29442","7/31/24","BD","604:Holiday",6,"Mix3",8,"","Clarkia amoena",1,5,"BD","7/23/24"
"29451","7/24/24","BD","605:Holiday",6,"Mix5",0,"","Crepis setosa",5,2,"BD setosa","7/24/24"
"29453","7/24/24","BD","605:Holiday",6,"Mix4",0,"","Clarkia amoena",1,4,"BD","7/24/24"
"29455","7/24/24","BD","605:Holiday",6,"Mix4",4,"","Clarkia amoena",2,3,"BD","7/24/24"
"29457","7/24/24","BD","605:Holiday",6,"Mix2",12,"","Cirsium arvense",1,6,"BD","7/24/24"
"29458","7/24/24","BD","605:Holiday",6,"Mix3",4,"","Clarkia amoena",8,12,"BD","7/24/24"
"29460","7/24/24","BD","605:Holiday",6,"Mix3",12,"","Clarkia amoena",2,5,"BD","7/24/24"
"29462","7/24/24","BD","605:Holiday",6,"Mix3",0,"","Gilia capitata",0.2,5,"BD","7/24/24"
"29465","7/24/24","BD","605:Holiday",6,"Mix6",0,"","Senecio sylvaticus",75,1,"BD","7/24/24"
"29468","7/24/24","BD","605:Holiday",6,"Mix6",8,"","Madia gracilis",2,4,"BD","7/24/24"
"29472","7/24/24","BD","605:Holiday",6,"Mix1",0,"","Clarkia amoena",14,1,"BD","7/24/24"
"29474","7/24/24","BD","605:Holiday",6,"Mix1",4,"","Clarkia amoena",2.4,5,"BD","7/24/24"
"29477","7/24/24","BD","605:Holiday",6,"Mix1",4,"","Gilia capitata",0.66,6,"BD","7/24/24"
"29480","7/24/24","LS","704:Holiday",6,"Mix5",0,"","Clarkia amoena",2,2,"LS 704","7/24/24"
"29481","7/24/24","LS","704:Holiday",6,"Mix5",0,"","Collomia grandiflora",1.5,14,"LS 704","7/24/24"
"29483","7/24/24","LS","704:Holiday",6,"Mix5",4,"","Collomia grandiflora",0.3,15,"LS 704","7/24/24"
"29486","7/24/24","LS","704:Holiday",6,"Mix5",8,"","Collomia grandiflora",5,5,"LS 704","7/24/24"
"29487","7/24/24","LS","704:Holiday",6,"Mix5",12,"","Collomia grandiflora",0.5,14,"LS 704","7/24/24"
"29490","7/24/24","LS","704:Holiday",6,"Mix6",4,"","Gilia capitata",2,16,"LS 704","7/24/24"
"29493","7/24/24","LS","704:Holiday",6,"Mix6",8,"","Madia gracilis",0.05,20,"LS 704","7/24/24"
"29494","7/24/24","LS","704:Holiday",6,"Mix1",0,"","Senecio sylvaticus",17,1,"LS 704","7/24/24"
"29498","7/24/24","LS","704:Holiday",6,"Mix4",0,"","Madia gracilis",0.06,16,"LS 704","7/24/24"
"29499","7/24/24","LS","704:Holiday",6,"Mix4",8,"","Madia gracilis",0.36,19,"LS 704","7/24/24"
"29500","7/24/24","LS","704:Holiday",6,"Mix4",12,"","Madia gracilis",0.08,12,"LS 704","7/24/24"
"29503","7/24/24","LS","704:Holiday",6,"Mix2",0,"","Collomia grandiflora",1.2,17,"LS 704","7/24/24"
"29506","7/24/24","LS","704:Holiday",6,"Mix2",4,"","Collomia grandiflora",0.5,12,"LS 704","7/24/24"
"29510","7/24/24","LS","704:Holiday",6,"Mix2",12,"","Collomia grandiflora",0.3,14,"LS 704","7/24/24"
"29512","7/24/24","LS","704:Holiday",6,"Mix3",0,"","Collomia grandiflora",0.5,21,"LS 704","7/24/24"
"29513","7/24/24","LS","704:Holiday",6,"Mix3",0,"","Gilia capitata",2,12,"LS 704","7/24/24"
"29515","7/24/24","LS","704:Holiday",6,"Mix3",4,"","Clarkia amoena",2,2,"LS 704","7/24/24"
"29517","7/24/24","LS","704:Holiday",6,"Mix3",8,"","Clarkia amoena",2.5,2,"LS 704","7/24/24"
"29519","7/24/24","LS","704:Holiday",6,"Mix3",12,"","Clarkia amoena",1,1,"LS 704","7/24/24"
"29801","7/30/24","LB","705:Holiday",6,"Mix1",0,"","Gilia capitata",1.5,2,"LB. stand 705","7/31/24"
"29802","7/30/24","LB","705:Holiday",6,"Mix1",0,"","Conyza canadensis",0.37,35,"LB. stand 705","7/31/24"
"29803","7/30/24","LB","705:Holiday",6,"Mix1",8,"","Conyza canadensis",0.08,25,"LB. stand 705","7/31/24"
"29804","7/30/24","LB","705:Holiday",6,"Mix1",8,"","Lactuca serriola",0.11,27,"LB. stand 705","7/31/24"
"29805","7/30/24","LB","705:Holiday",6,"Mix1",4,"","Conyza canadensis",0.25,20,"LB. stand 705","7/31/24"
"29806","7/30/24","LB","705:Holiday",6,"Mix1",12,"","Conyza canadensis",0.27,15,"LB. stand 705","7/31/24"
"29807","7/30/24","LB","705:Holiday",6,"Mix1",12,"","Senecio sylvaticus",2,3,"LB. stand 705","7/31/24"
"29808","7/30/24","LB","705:Holiday",6,"Mix4",0,"","Conyza canadensis",0.3,10,"LB. stand 705. tree fell on plot","7/31/24"
"29809","7/30/24","LB","705:Holiday",6,"Mix4",4,"","Conyza canadensis",0.7,10,"LB. stand 705. tree fell on plot","7/31/24"
"29810","7/30/24","LB","705:Holiday",6,"Mix4",4,"","Lactuca serriola",0.07,15,"LB. stand 705. tree fell on plot","7/31/24"
"29811","7/30/24","LB","705:Holiday",6,"Mix4",0,"","Madia gracilis",0.2,5,"LB. stand 705. tree fell on plot","7/31/24"
"29812","7/30/24","LB","705:Holiday",6,"Mix4",4,"","Clarkia amoena",0.5,2,"LB. stand 705. tree fell on plot","7/31/24"
"29813","7/30/24","LB","705:Holiday",6,"Mix4",8,"","Lactuca serriola",1,2,"LB. stand 705. tree fell on plot","7/31/24"
"29814","7/30/24","LB","705:Holiday",6,"Mix2",0,"","Lactuca serriola",0.12,8,"LB. stand 705. tree fell on plot","7/31/24"
"29815","7/30/24","LB","705:Holiday",6,"Mix2",0,"","Conyza canadensis",0.33,6,"LB. stand 705. tree fell on plot","7/31/24"
"29816","7/30/24","LB","705:Holiday",6,"Mix2",4,"","Conyza canadensis",0.65,20,"LB. stand 705. tree fell on plot","7/31/24"
"29817","7/30/24","LB","705:Holiday",6,"Mix2",4,"","Hypochaeris radicata",1,1,"LB. stand 705. tree fell on plot","7/31/24"
"29818","7/30/24","LB","705:Holiday",6,"Mix3",0,"","Senecio sylvaticus",7,3,"LB. stand 705.","7/31/24"
"29819","7/30/24","LB","705:Holiday",6,"Mix3",0,"","Conyza canadensis",1.73,15,"LB. stand 705.","7/31/24"
"29820","7/30/24","LB","705:Holiday",6,"Mix3",4,"","Lactuca serriola",0.03,35,"LB. stand 705.","7/31/24"
"29821","7/30/24","LB","705:Holiday",6,"Mix3",4,"","Gilia capitata",5.11,9,"LB. stand 705.","7/31/24"
"29822","7/30/24","LB","705:Holiday",6,"Mix3",4,"","Conyza canadensis",0.28,18,"LB. stand 705.","7/31/24"
"29823","7/30/24","LB","705:Holiday",6,"Mix3",8,"","Conyza canadensis",0.5,10,"LB. stand 705.","7/31/24"
"29824","7/30/24","LB","705:Holiday",6,"Mix3",8,"","Lactuca serriola",0.14,22,"LB. stand 705.","7/31/24"
"29825","7/30/24","LB","705:Holiday",6,"Mix3",12,"","Conyza canadensis",0.7,10,"LB. stand 705.","7/31/24"
"29826","7/30/24","LB","705:Holiday",6,"Mix3",4,"","Clarkia amoena",0.67,6,"LB. stand 705.","7/31/24"
"29827","7/30/24","LB","705:Holiday",6,"Mix5",4,"","Hypochaeris radicata",2,1,"LB. stand 705.","7/31/24"
"29828","7/30/24","LB","705:Holiday",6,"Mix5",4,"","Conyza canadensis",0.03,30,"LB. stand 705.","7/31/24"
"29829","7/30/24","LB","705:Holiday",6,"Mix5",8,"","Conyza canadensis",0.5,8,"LB. stand 705.","7/31/24"
"29830","7/30/24","LB","705:Holiday",6,"Mix5",8,"","Hypochaeris radicata",3,1,"LB. stand 705.","7/31/24"
"29831","7/30/24","LB","705:Holiday",6,"Mix5",8,"","Clarkia purpurea",0.25,4,"LB. stand 705.","7/31/24"
"29832","7/30/24","LB","705:Holiday",6,"Mix5",12,"","Conyza canadensis",0.68,25,"LB. stand 705.","7/31/24"
"29833","7/30/24","LB","705:Holiday",6,"Mix3",12,"","Lactuca serriola",0.2,20,"LB. stand 705.","7/31/24"
"29834","7/30/24","LB","705:Holiday",6,"Mix3",12,"","Senecio sylvaticus",0.67,3,"LB. stand 705.","7/31/24"
"29835","7/30/24","LB","705:Holiday",6,"Mix6",0,"","Conyza canadensis",0.6,20,"LB. stand 705.","7/31/24"
"29836","7/30/24","LB","705:Holiday",6,"Mix6",0,"","Madia gracilis",0.3,10,"LB. stand 705.","7/31/24"
"29837","7/30/24","LB","705:Holiday",6,"Mix6",4,"","Madia gracilis",0.87,23,"LB. stand 705.","7/31/24"
"29838","7/30/24","LB","705:Holiday",6,"Mix6",4,"","Gilia capitata",1,3,"LB. stand 705.","7/31/24"
"29839","7/30/24","LB","705:Holiday",6,"Mix6",8,"","Conyza canadensis",0.17,18,"LB. stand 705.","7/31/24"
"29840","7/30/24","LB","705:Holiday",6,"Mix6",12,"","Conyza canadensis",0.5,10,"LB. stand 705.","7/31/24"
"29841","7/30/24","LB","705:Holiday",6,"Mix6",12,"","Madia gracilis",1.29,14,"LB. stand 705.","7/31/24"
